DATAFLOW,FREQ,REF_AREA,DATA_TYPE,SEX,AGE,TIME_PERIOD,OBS_VALUE,OBS_STATUS,NOTE_DS,NOTE_REF_AREA,NOTE_DATA_TYPE,NOTE_SEX,NOTE_AGE,BASE_PER,UNIT_MEAS,UNIT_MULT
IT1:29_7_DF_DCIS_POPSTRRES1_23(1.0),A,IT,JAN,1,TOTAL,2019,2414285,,,,,,,,,
IT1:29_7_DF_DCIS_POPSTRRES1_23(1.0),A,IT,JAN,1,TOTAL,2020,2431678,,,,,,,,,
IT1:29_7_DF_DCIS_POPSTRRES1_23(1.0),A,IT,JAN,1,TOTAL,2021,2524644,,,,,,,,,
IT1:29_7_DF_DCIS_POPSTRRES1_23(1.0),A,IT,JAN,1,TOTAL,2022,2468202,,,,,,,,,
IT1:29_7_DF_DCIS_POPSTRRES1_23(1.0),A,IT,JAN,1,Y_GE100,2019,36,,,,,,,,,
IT1:29_7_DF_DCIS_POPSTRRES1_23(1.0),A,IT,JAN,1,Y_GE100,2020,45,,,,,,,,,
IT1:29_7_DF_DCIS_POPSTRRES1_23(1.0),A,IT,JAN,1,Y_GE100,2021,54,,,,,,,,,
IT1:29_7_DF_DCIS_POPSTRRES1_23(1.0),A,IT,JAN,1,Y_GE100,2022,64,,,,,,,,,
IT1:29_7_DF_DCIS_POPSTRRES1_23(1.0),A,IT,JAN,1,Y0,2019,31553,,,,,,,,,
IT1:29_7_DF_DCIS_POPSTRRES1_23(1.0),A,IT,JAN,1,Y0,2020,30882,,,,,,,,,
IT1:29_7_DF_DCIS_POPSTRRES1_23(1.0),A,IT,JAN,1,Y0,2021,30943,,,,,,,,,
IT1:29_7_DF_DCIS_POPSTRRES1_23(1.0),A,IT,JAN,1,Y0,2022,27466,,,,,,,,,
IT1:29_7_DF_DCIS_POPSTRRES1_23(1.0),A,IT,JAN,1,Y1,2019,33498,,,,,,,,,
IT1:29_7_DF_DCIS_POPSTRRES1_23(1.0),A,IT,JAN,1,Y1,2020,31605,,,,,,,,,
IT1:29_7_DF_DCIS_POPSTRRES1_23(1.0),A,IT,JAN,1,Y1,2021,31297,,,,,,,,,
IT1:29_7_DF_DCIS_POPSTRRES1_23(1.0),A,IT,JAN,1,Y1,2022,29814,,,,,,,,,
IT1:29_7_DF_DCIS_POPSTRRES1_23(1.0),A,IT,JAN,1,Y10,2019,28939,,,,,,,,,
IT1:29_7_DF_DCIS_POPSTRRES1_23(1.0),A,IT,JAN,1,Y10,2020,29892,,,,,,,,,
IT1:29_7_DF_DCIS_POPSTRRES1_23(1.0),A,IT,JAN,1,Y10,2021,30048,,,,,,,,,
IT1:29_7_DF_DCIS_POPSTRRES1_23(1.0),A,IT,JAN,1,Y10,2022,30463,,,,,,,,,
IT1:29_7_DF_DCIS_POPSTRRES1_23(1.0),A,IT,JAN,1,Y11,2019,27409,,,,,,,,,
IT1:29_7_DF_DCIS_POPSTRRES1_23(1.0),A,IT,JAN,1,Y11,2020,28533,,,,,,,,,
IT1:29_7_DF_DCIS_POPSTRRES1_23(1.0),A,IT,JAN,1,Y11,2021,29480,,,,,,,,,
IT1:29_7_DF_DCIS_POPSTRRES1_23(1.0),A,IT,JAN,1,Y11,2022,29875,,,,,,,,,
IT1:29_7_DF_DCIS_POPSTRRES1_23(1.0),A,IT,JAN,1,Y12,2019,26247,,,,,,,,,
IT1:29_7_DF_DCIS_POPSTRRES1_23(1.0),A,IT,JAN,1,Y12,2020,27205,,,,,,,,,
IT1:29_7_DF_DCIS_POPSTRRES1_23(1.0),A,IT,JAN,1,Y12,2021,28446,,,,,,,,,
IT1:29_7_DF_DCIS_POPSTRRES1_23(1.0),A,IT,JAN,1,Y12,2022,29204,,,,,,,,,
IT1:29_7_DF_DCIS_POPSTRRES1_23(1.0),A,IT,JAN,1,Y13,2019,24445,,,,,,,,,
IT1:29_7_DF_DCIS_POPSTRRES1_23(1.0),A,IT,JAN,1,Y13,2020,26209,,,,,,,,,
IT1:29_7_DF_DCIS_POPSTRRES1_23(1.0),A,IT,JAN,1,Y13,2021,27393,,,,,,,,,
IT1:29_7_DF_DCIS_POPSTRRES1_23(1.0),A,IT,JAN,1,Y13,2022,28298,,,,,,,,,
IT1:29_7_DF_DCIS_POPSTRRES1_23(1.0),A,IT,JAN,1,Y14,2019,23554,,,,,,,,,
IT1:29_7_DF_DCIS_POPSTRRES1_23(1.0),A,IT,JAN,1,Y14,2020,24568,,,,,,,,,
IT1:29_7_DF_DCIS_POPSTRRES1_23(1.0),A,IT,JAN,1,Y14,2021,26508,,,,,,,,,
IT1:29_7_DF_DCIS_POPSTRRES1_23(1.0),A,IT,JAN,1,Y14,2022,27400,,,,,,,,,
IT1:29_7_DF_DCIS_POPSTRRES1_23(1.0),A,IT,JAN,1,Y15,2019,22096,,,,,,,,,
IT1:29_7_DF_DCIS_POPSTRRES1_23(1.0),A,IT,JAN,1,Y15,2020,23888,,,,,,,,,
IT1:29_7_DF_DCIS_POPSTRRES1_23(1.0),A,IT,JAN,1,Y15,2021,25257,,,,,,,,,
IT1:29_7_DF_DCIS_POPSTRRES1_23(1.0),A,IT,JAN,1,Y15,2022,26629,,,,,,,,,
IT1:29_7_DF_DCIS_POPSTRRES1_23(1.0),A,IT,JAN,1,Y16,2019,22550,,,,,,,,,
IT1:29_7_DF_DCIS_POPSTRRES1_23(1.0),A,IT,JAN,1,Y16,2020,22625,,,,,,,,,
IT1:29_7_DF_DCIS_POPSTRRES1_23(1.0),A,IT,JAN,1,Y16,2021,24644,,,,,,,,,
IT1:29_7_DF_DCIS_POPSTRRES1_23(1.0),A,IT,JAN,1,Y16,2022,25489,,,,,,,,,
IT1:29_7_DF_DCIS_POPSTRRES1_23(1.0),A,IT,JAN,1,Y17,2019,24220,,,,,,,,,
IT1:29_7_DF_DCIS_POPSTRRES1_23(1.0),A,IT,JAN,1,Y17,2020,23487,,,,,,,,,
IT1:29_7_DF_DCIS_POPSTRRES1_23(1.0),A,IT,JAN,1,Y17,2021,23681,,,,,,,,,
IT1:29_7_DF_DCIS_POPSTRRES1_23(1.0),A,IT,JAN,1,Y17,2022,25783,,,,,,,,,
IT1:29_7_DF_DCIS_POPSTRRES1_23(1.0),A,IT,JAN,1,Y18,2019,27545,,,,,,,,,
IT1:29_7_DF_DCIS_POPSTRRES1_23(1.0),A,IT,JAN,1,Y18,2020,23693,,,,,,,,,
IT1:29_7_DF_DCIS_POPSTRRES1_23(1.0),A,IT,JAN,1,Y18,2021,22414,,,,,,,,,
IT1:29_7_DF_DCIS_POPSTRRES1_23(1.0),A,IT,JAN,1,Y18,2022,22016,,,,,,,,,
IT1:29_7_DF_DCIS_POPSTRRES1_23(1.0),A,IT,JAN,1,Y19,2019,33681,,,,,,,,,
IT1:29_7_DF_DCIS_POPSTRRES1_23(1.0),A,IT,JAN,1,Y19,2020,28197,,,,,,,,,
IT1:29_7_DF_DCIS_POPSTRRES1_23(1.0),A,IT,JAN,1,Y19,2021,25603,,,,,,,,,
IT1:29_7_DF_DCIS_POPSTRRES1_23(1.0),A,IT,JAN,1,Y19,2022,22307,,,,,,,,,
IT1:29_7_DF_DCIS_POPSTRRES1_23(1.0),A,IT,JAN,1,Y2,2019,33814,,,,,,,,,
IT1:29_7_DF_DCIS_POPSTRRES1_23(1.0),A,IT,JAN,1,Y2,2020,33289,,,,,,,,,
IT1:29_7_DF_DCIS_POPSTRRES1_23(1.0),A,IT,JAN,1,Y2,2021,32613,,,,,,,,,
IT1:29_7_DF_DCIS_POPSTRRES1_23(1.0),A,IT,JAN,1,Y2,2022,31360,,,,,,,,,
IT1:29_7_DF_DCIS_POPSTRRES1_23(1.0),A,IT,JAN,1,Y20,2019,40047,,,,,,,,,
IT1:29_7_DF_DCIS_POPSTRRES1_23(1.0),A,IT,JAN,1,Y20,2020,34679,,,,,,,,,
IT1:29_7_DF_DCIS_POPSTRRES1_23(1.0),A,IT,JAN,1,Y20,2021,32498,,,,,,,,,
IT1:29_7_DF_DCIS_POPSTRRES1_23(1.0),A,IT,JAN,1,Y20,2022,25818,,,,,,,,,
IT1:29_7_DF_DCIS_POPSTRRES1_23(1.0),A,IT,JAN,1,Y21,2019,39578,,,,,,,,,
IT1:29_7_DF_DCIS_POPSTRRES1_23(1.0),A,IT,JAN,1,Y21,2020,39905,,,,,,,,,
IT1:29_7_DF_DCIS_POPSTRRES1_23(1.0),A,IT,JAN,1,Y21,2021,39409,,,,,,,,,
IT1:29_7_DF_DCIS_POPSTRRES1_23(1.0),A,IT,JAN,1,Y21,2022,31723,,,,,,,,,
IT1:29_7_DF_DCIS_POPSTRRES1_23(1.0),A,IT,JAN,1,Y22,2019,39297,,,,,,,,,
IT1:29_7_DF_DCIS_POPSTRRES1_23(1.0),A,IT,JAN,1,Y22,2020,39215,,,,,,,,,
IT1:29_7_DF_DCIS_POPSTRRES1_23(1.0),A,IT,JAN,1,Y22,2021,44880,,,,,,,,,
IT1:29_7_DF_DCIS_POPSTRRES1_23(1.0),A,IT,JAN,1,Y22,2022,37142,,,,,,,,,
IT1:29_7_DF_DCIS_POPSTRRES1_23(1.0),A,IT,JAN,1,Y23,2019,39063,,,,,,,,,
IT1:29_7_DF_DCIS_POPSTRRES1_23(1.0),A,IT,JAN,1,Y23,2020,39036,,,,,,,,,
IT1:29_7_DF_DCIS_POPSTRRES1_23(1.0),A,IT,JAN,1,Y23,2021,44050,,,,,,,,,
IT1:29_7_DF_DCIS_POPSTRRES1_23(1.0),A,IT,JAN,1,Y23,2022,41630,,,,,,,,,
IT1:29_7_DF_DCIS_POPSTRRES1_23(1.0),A,IT,JAN,1,Y24,2019,39197,,,,,,,,,
IT1:29_7_DF_DCIS_POPSTRRES1_23(1.0),A,IT,JAN,1,Y24,2020,39212,,,,,,,,,
IT1:29_7_DF_DCIS_POPSTRRES1_23(1.0),A,IT,JAN,1,Y24,2021,43992,,,,,,,,,
IT1:29_7_DF_DCIS_POPSTRRES1_23(1.0),A,IT,JAN,1,Y24,2022,41099,,,,,,,,,
IT1:29_7_DF_DCIS_POPSTRRES1_23(1.0),A,IT,JAN,1,Y25,2019,38788,,,,,,,,,
IT1:29_7_DF_DCIS_POPSTRRES1_23(1.0),A,IT,JAN,1,Y25,2020,39545,,,,,,,,,
IT1:29_7_DF_DCIS_POPSTRRES1_23(1.0),A,IT,JAN,1,Y25,2021,44080,,,,,,,,,
IT1:29_7_DF_DCIS_POPSTRRES1_23(1.0),A,IT,JAN,1,Y25,2022,41531,,,,,,,,,
IT1:29_7_DF_DCIS_POPSTRRES1_23(1.0),A,IT,JAN,1,Y26,2019,42366,,,,,,,,,
IT1:29_7_DF_DCIS_POPSTRRES1_23(1.0),A,IT,JAN,1,Y26,2020,39437,,,,,,,,,
IT1:29_7_DF_DCIS_POPSTRRES1_23(1.0),A,IT,JAN,1,Y26,2021,44143,,,,,,,,,
IT1:29_7_DF_DCIS_POPSTRRES1_23(1.0),A,IT,JAN,1,Y26,2022,41827,,,,,,,,,
IT1:29_7_DF_DCIS_POPSTRRES1_23(1.0),A,IT,JAN,1,Y27,2019,42166,,,,,,,,,
IT1:29_7_DF_DCIS_POPSTRRES1_23(1.0),A,IT,JAN,1,Y27,2020,43021,,,,,,,,,
IT1:29_7_DF_DCIS_POPSTRRES1_23(1.0),A,IT,JAN,1,Y27,2021,43478,,,,,,,,,
IT1:29_7_DF_DCIS_POPSTRRES1_23(1.0),A,IT,JAN,1,Y27,2022,42177,,,,,,,,,
IT1:29_7_DF_DCIS_POPSTRRES1_23(1.0),A,IT,JAN,1,Y28,2019,47695,,,,,,,,,
IT1:29_7_DF_DCIS_POPSTRRES1_23(1.0),A,IT,JAN,1,Y28,2020,42944,,,,,,,,,
IT1:29_7_DF_DCIS_POPSTRRES1_23(1.0),A,IT,JAN,1,Y28,2021,47164,,,,,,,,,
IT1:29_7_DF_DCIS_POPSTRRES1_23(1.0),A,IT,JAN,1,Y28,2022,41738,,,,,,,,,
IT1:29_7_DF_DCIS_POPSTRRES1_23(1.0),A,IT,JAN,1,Y29,2019,49138,,,,,,,,,
IT1:29_7_DF_DCIS_POPSTRRES1_23(1.0),A,IT,JAN,1,Y29,2020,48218,,,,,,,,,
IT1:29_7_DF_DCIS_POPSTRRES1_23(1.0),A,IT,JAN,1,Y29,2021,46016,,,,,,,,,
IT1:29_7_DF_DCIS_POPSTRRES1_23(1.0),A,IT,JAN,1,Y29,2022,45217,,,,,,,,,
IT1:29_7_DF_DCIS_POPSTRRES1_23(1.0),A,IT,JAN,1,Y3,2019,33307,,,,,,,,,
IT1:29_7_DF_DCIS_POPSTRRES1_23(1.0),A,IT,JAN,1,Y3,2020,33589,,,,,,,,,
IT1:29_7_DF_DCIS_POPSTRRES1_23(1.0),A,IT,JAN,1,Y3,2021,34473,,,,,,,,,
IT1:29_7_DF_DCIS_POPSTRRES1_23(1.0),A,IT,JAN,1,Y3,2022,32481,,,,,,,,,
IT1:29_7_DF_DCIS_POPSTRRES1_23(1.0),A,IT,JAN,1,Y30,2019,52836,,,,,,,,,
IT1:29_7_DF_DCIS_POPSTRRES1_23(1.0),A,IT,JAN,1,Y30,2020,49555,,,,,,,,,
IT1:29_7_DF_DCIS_POPSTRRES1_23(1.0),A,IT,JAN,1,Y30,2021,51287,,,,,,,,,
IT1:29_7_DF_DCIS_POPSTRRES1_23(1.0),A,IT,JAN,1,Y30,2022,44138,,,,,,,,,
IT1:29_7_DF_DCIS_POPSTRRES1_23(1.0),A,IT,JAN,1,Y31,2019,54533,,,,,,,,,
IT1:29_7_DF_DCIS_POPSTRRES1_23(1.0),A,IT,JAN,1,Y31,2020,53155,,,,,,,,,
IT1:29_7_DF_DCIS_POPSTRRES1_23(1.0),A,IT,JAN,1,Y31,2021,51872,,,,,,,,,
IT1:29_7_DF_DCIS_POPSTRRES1_23(1.0),A,IT,JAN,1,Y31,2022,49308,,,,,,,,,
IT1:29_7_DF_DCIS_POPSTRRES1_23(1.0),A,IT,JAN,1,Y32,2019,55666,,,,,,,,,
IT1:29_7_DF_DCIS_POPSTRRES1_23(1.0),A,IT,JAN,1,Y32,2020,54765,,,,,,,,,
IT1:29_7_DF_DCIS_POPSTRRES1_23(1.0),A,IT,JAN,1,Y32,2021,55403,,,,,,,,,
IT1:29_7_DF_DCIS_POPSTRRES1_23(1.0),A,IT,JAN,1,Y32,2022,50044,,,,,,,,,
IT1:29_7_DF_DCIS_POPSTRRES1_23(1.0),A,IT,JAN,1,Y33,2019,55646,,,,,,,,,
IT1:29_7_DF_DCIS_POPSTRRES1_23(1.0),A,IT,JAN,1,Y33,2020,55794,,,,,,,,,
IT1:29_7_DF_DCIS_POPSTRRES1_23(1.0),A,IT,JAN,1,Y33,2021,56936,,,,,,,,,
IT1:29_7_DF_DCIS_POPSTRRES1_23(1.0),A,IT,JAN,1,Y33,2022,53998,,,,,,,,,
IT1:29_7_DF_DCIS_POPSTRRES1_23(1.0),A,IT,JAN,1,Y34,2019,56769,,,,,,,,,
IT1:29_7_DF_DCIS_POPSTRRES1_23(1.0),A,IT,JAN,1,Y34,2020,55704,,,,,,,,,
IT1:29_7_DF_DCIS_POPSTRRES1_23(1.0),A,IT,JAN,1,Y34,2021,57539,,,,,,,,,
IT1:29_7_DF_DCIS_POPSTRRES1_23(1.0),A,IT,JAN,1,Y34,2022,55283,,,,,,,,,
IT1:29_7_DF_DCIS_POPSTRRES1_23(1.0),A,IT,JAN,1,Y35,2019,55382,,,,,,,,,
IT1:29_7_DF_DCIS_POPSTRRES1_23(1.0),A,IT,JAN,1,Y35,2020,56742,,,,,,,,,
IT1:29_7_DF_DCIS_POPSTRRES1_23(1.0),A,IT,JAN,1,Y35,2021,57270,,,,,,,,,
IT1:29_7_DF_DCIS_POPSTRRES1_23(1.0),A,IT,JAN,1,Y35,2022,56005,,,,,,,,,
IT1:29_7_DF_DCIS_POPSTRRES1_23(1.0),A,IT,JAN,1,Y36,2019,58100,,,,,,,,,
IT1:29_7_DF_DCIS_POPSTRRES1_23(1.0),A,IT,JAN,1,Y36,2020,55271,,,,,,,,,
IT1:29_7_DF_DCIS_POPSTRRES1_23(1.0),A,IT,JAN,1,Y36,2021,58041,,,,,,,,,
IT1:29_7_DF_DCIS_POPSTRRES1_23(1.0),A,IT,JAN,1,Y36,2022,55880,,,,,,,,,
IT1:29_7_DF_DCIS_POPSTRRES1_23(1.0),A,IT,JAN,1,Y37,2019,56890,,,,,,,,,
IT1:29_7_DF_DCIS_POPSTRRES1_23(1.0),A,IT,JAN,1,Y37,2020,57867,,,,,,,,,
IT1:29_7_DF_DCIS_POPSTRRES1_23(1.0),A,IT,JAN,1,Y37,2021,56816,,,,,,,,,
IT1:29_7_DF_DCIS_POPSTRRES1_23(1.0),A,IT,JAN,1,Y37,2022,56478,,,,,,,,,
IT1:29_7_DF_DCIS_POPSTRRES1_23(1.0),A,IT,JAN,1,Y38,2019,59848,,,,,,,,,
IT1:29_7_DF_DCIS_POPSTRRES1_23(1.0),A,IT,JAN,1,Y38,2020,56606,,,,,,,,,
IT1:29_7_DF_DCIS_POPSTRRES1_23(1.0),A,IT,JAN,1,Y38,2021,59216,,,,,,,,,
IT1:29_7_DF_DCIS_POPSTRRES1_23(1.0),A,IT,JAN,1,Y38,2022,55065,,,,,,,,,
IT1:29_7_DF_DCIS_POPSTRRES1_23(1.0),A,IT,JAN,1,Y39,2019,57217,,,,,,,,,
IT1:29_7_DF_DCIS_POPSTRRES1_23(1.0),A,IT,JAN,1,Y39,2020,59397,,,,,,,,,
IT1:29_7_DF_DCIS_POPSTRRES1_23(1.0),A,IT,JAN,1,Y39,2021,57764,,,,,,,,,
IT1:29_7_DF_DCIS_POPSTRRES1_23(1.0),A,IT,JAN,1,Y39,2022,57551,,,,,,,,,
IT1:29_7_DF_DCIS_POPSTRRES1_23(1.0),A,IT,JAN,1,Y4,2019,33717,,,,,,,,,
IT1:29_7_DF_DCIS_POPSTRRES1_23(1.0),A,IT,JAN,1,Y4,2020,33106,,,,,,,,,
IT1:29_7_DF_DCIS_POPSTRRES1_23(1.0),A,IT,JAN,1,Y4,2021,35141,,,,,,,,,
IT1:29_7_DF_DCIS_POPSTRRES1_23(1.0),A,IT,JAN,1,Y4,2022,34147,,,,,,,,,
IT1:29_7_DF_DCIS_POPSTRRES1_23(1.0),A,IT,JAN,1,Y40,2019,56845,,,,,,,,,
IT1:29_7_DF_DCIS_POPSTRRES1_23(1.0),A,IT,JAN,1,Y40,2020,56558,,,,,,,,,
IT1:29_7_DF_DCIS_POPSTRRES1_23(1.0),A,IT,JAN,1,Y40,2021,60224,,,,,,,,,
IT1:29_7_DF_DCIS_POPSTRRES1_23(1.0),A,IT,JAN,1,Y40,2022,55875,,,,,,,,,
IT1:29_7_DF_DCIS_POPSTRRES1_23(1.0),A,IT,JAN,1,Y41,2019,54377,,,,,,,,,
IT1:29_7_DF_DCIS_POPSTRRES1_23(1.0),A,IT,JAN,1,Y41,2020,56135,,,,,,,,,
IT1:29_7_DF_DCIS_POPSTRRES1_23(1.0),A,IT,JAN,1,Y41,2021,57033,,,,,,,,,
IT1:29_7_DF_DCIS_POPSTRRES1_23(1.0),A,IT,JAN,1,Y41,2022,58351,,,,,,,,,
IT1:29_7_DF_DCIS_POPSTRRES1_23(1.0),A,IT,JAN,1,Y42,2019,52279,,,,,,,,,
IT1:29_7_DF_DCIS_POPSTRRES1_23(1.0),A,IT,JAN,1,Y42,2020,53622,,,,,,,,,
IT1:29_7_DF_DCIS_POPSTRRES1_23(1.0),A,IT,JAN,1,Y42,2021,56498,,,,,,,,,
IT1:29_7_DF_DCIS_POPSTRRES1_23(1.0),A,IT,JAN,1,Y42,2022,55222,,,,,,,,,
IT1:29_7_DF_DCIS_POPSTRRES1_23(1.0),A,IT,JAN,1,Y43,2019,50311,,,,,,,,,
IT1:29_7_DF_DCIS_POPSTRRES1_23(1.0),A,IT,JAN,1,Y43,2020,51604,,,,,,,,,
IT1:29_7_DF_DCIS_POPSTRRES1_23(1.0),A,IT,JAN,1,Y43,2021,54049,,,,,,,,,
IT1:29_7_DF_DCIS_POPSTRRES1_23(1.0),A,IT,JAN,1,Y43,2022,54588,,,,,,,,,
IT1:29_7_DF_DCIS_POPSTRRES1_23(1.0),A,IT,JAN,1,Y44,2019,47545,,,,,,,,,
IT1:29_7_DF_DCIS_POPSTRRES1_23(1.0),A,IT,JAN,1,Y44,2020,49731,,,,,,,,,
IT1:29_7_DF_DCIS_POPSTRRES1_23(1.0),A,IT,JAN,1,Y44,2021,51839,,,,,,,,,
IT1:29_7_DF_DCIS_POPSTRRES1_23(1.0),A,IT,JAN,1,Y44,2022,52292,,,,,,,,,
IT1:29_7_DF_DCIS_POPSTRRES1_23(1.0),A,IT,JAN,1,Y45,2019,43445,,,,,,,,,
IT1:29_7_DF_DCIS_POPSTRRES1_23(1.0),A,IT,JAN,1,Y45,2020,46711,,,,,,,,,
IT1:29_7_DF_DCIS_POPSTRRES1_23(1.0),A,IT,JAN,1,Y45,2021,50319,,,,,,,,,
IT1:29_7_DF_DCIS_POPSTRRES1_23(1.0),A,IT,JAN,1,Y45,2022,50145,,,,,,,,,
IT1:29_7_DF_DCIS_POPSTRRES1_23(1.0),A,IT,JAN,1,Y46,2019,42929,,,,,,,,,
IT1:29_7_DF_DCIS_POPSTRRES1_23(1.0),A,IT,JAN,1,Y46,2020,42627,,,,,,,,,
IT1:29_7_DF_DCIS_POPSTRRES1_23(1.0),A,IT,JAN,1,Y46,2021,47139,,,,,,,,,
IT1:29_7_DF_DCIS_POPSTRRES1_23(1.0),A,IT,JAN,1,Y46,2022,48407,,,,,,,,,
IT1:29_7_DF_DCIS_POPSTRRES1_23(1.0),A,IT,JAN,1,Y47,2019,39397,,,,,,,,,
IT1:29_7_DF_DCIS_POPSTRRES1_23(1.0),A,IT,JAN,1,Y47,2020,42220,,,,,,,,,
IT1:29_7_DF_DCIS_POPSTRRES1_23(1.0),A,IT,JAN,1,Y47,2021,43044,,,,,,,,,
IT1:29_7_DF_DCIS_POPSTRRES1_23(1.0),A,IT,JAN,1,Y47,2022,45459,,,,,,,,,
IT1:29_7_DF_DCIS_POPSTRRES1_23(1.0),A,IT,JAN,1,Y48,2019,39512,,,,,,,,,
IT1:29_7_DF_DCIS_POPSTRRES1_23(1.0),A,IT,JAN,1,Y48,2020,38833,,,,,,,,,
IT1:29_7_DF_DCIS_POPSTRRES1_23(1.0),A,IT,JAN,1,Y48,2021,42733,,,,,,,,,
IT1:29_7_DF_DCIS_POPSTRRES1_23(1.0),A,IT,JAN,1,Y48,2022,41467,,,,,,,,,
IT1:29_7_DF_DCIS_POPSTRRES1_23(1.0),A,IT,JAN,1,Y49,2019,37455,,,,,,,,,
IT1:29_7_DF_DCIS_POPSTRRES1_23(1.0),A,IT,JAN,1,Y49,2020,38755,,,,,,,,,
IT1:29_7_DF_DCIS_POPSTRRES1_23(1.0),A,IT,JAN,1,Y49,2021,39214,,,,,,,,,
IT1:29_7_DF_DCIS_POPSTRRES1_23(1.0),A,IT,JAN,1,Y49,2022,40910,,,,,,,,,
IT1:29_7_DF_DCIS_POPSTRRES1_23(1.0),A,IT,JAN,1,Y5,2019,33130,,,,,,,,,
IT1:29_7_DF_DCIS_POPSTRRES1_23(1.0),A,IT,JAN,1,Y5,2020,33495,,,,,,,,,
IT1:29_7_DF_DCIS_POPSTRRES1_23(1.0),A,IT,JAN,1,Y5,2021,34794,,,,,,,,,
IT1:29_7_DF_DCIS_POPSTRRES1_23(1.0),A,IT,JAN,1,Y5,2022,33887,,,,,,,,,
IT1:29_7_DF_DCIS_POPSTRRES1_23(1.0),A,IT,JAN,1,Y50,2019,37064,,,,,,,,,
IT1:29_7_DF_DCIS_POPSTRRES1_23(1.0),A,IT,JAN,1,Y50,2020,36751,,,,,,,,,
IT1:29_7_DF_DCIS_POPSTRRES1_23(1.0),A,IT,JAN,1,Y50,2021,39128,,,,,,,,,
IT1:29_7_DF_DCIS_POPSTRRES1_23(1.0),A,IT,JAN,1,Y50,2022,37445,,,,,,,,,
IT1:29_7_DF_DCIS_POPSTRRES1_23(1.0),A,IT,JAN,1,Y51,2019,33251,,,,,,,,,
IT1:29_7_DF_DCIS_POPSTRRES1_23(1.0),A,IT,JAN,1,Y51,2020,36299,,,,,,,,,
IT1:29_7_DF_DCIS_POPSTRRES1_23(1.0),A,IT,JAN,1,Y51,2021,37061,,,,,,,,,
IT1:29_7_DF_DCIS_POPSTRRES1_23(1.0),A,IT,JAN,1,Y51,2022,37536,,,,,,,,,
IT1:29_7_DF_DCIS_POPSTRRES1_23(1.0),A,IT,JAN,1,Y52,2019,28119,,,,,,,,,
IT1:29_7_DF_DCIS_POPSTRRES1_23(1.0),A,IT,JAN,1,Y52,2020,32686,,,,,,,,,
IT1:29_7_DF_DCIS_POPSTRRES1_23(1.0),A,IT,JAN,1,Y52,2021,36312,,,,,,,,,
IT1:29_7_DF_DCIS_POPSTRRES1_23(1.0),A,IT,JAN,1,Y52,2022,35569,,,,,,,,,
IT1:29_7_DF_DCIS_POPSTRRES1_23(1.0),A,IT,JAN,1,Y53,2019,26487,,,,,,,,,
IT1:29_7_DF_DCIS_POPSTRRES1_23(1.0),A,IT,JAN,1,Y53,2020,27608,,,,,,,,,
IT1:29_7_DF_DCIS_POPSTRRES1_23(1.0),A,IT,JAN,1,Y53,2021,32684,,,,,,,,,
IT1:29_7_DF_DCIS_POPSTRRES1_23(1.0),A,IT,JAN,1,Y53,2022,34916,,,,,,,,,
IT1:29_7_DF_DCIS_POPSTRRES1_23(1.0),A,IT,JAN,1,Y54,2019,24838,,,,,,,,,
IT1:29_7_DF_DCIS_POPSTRRES1_23(1.0),A,IT,JAN,1,Y54,2020,26007,,,,,,,,,
IT1:29_7_DF_DCIS_POPSTRRES1_23(1.0),A,IT,JAN,1,Y54,2021,27748,,,,,,,,,
IT1:29_7_DF_DCIS_POPSTRRES1_23(1.0),A,IT,JAN,1,Y54,2022,31385,,,,,,,,,
IT1:29_7_DF_DCIS_POPSTRRES1_23(1.0),A,IT,JAN,1,Y55,2019,22732,,,,,,,,,
IT1:29_7_DF_DCIS_POPSTRRES1_23(1.0),A,IT,JAN,1,Y55,2020,24336,,,,,,,,,
IT1:29_7_DF_DCIS_POPSTRRES1_23(1.0),A,IT,JAN,1,Y55,2021,26067,,,,,,,,,
IT1:29_7_DF_DCIS_POPSTRRES1_23(1.0),A,IT,JAN,1,Y55,2022,26606,,,,,,,,,
IT1:29_7_DF_DCIS_POPSTRRES1_23(1.0),A,IT,JAN,1,Y56,2019,21439,,,,,,,,,
IT1:29_7_DF_DCIS_POPSTRRES1_23(1.0),A,IT,JAN,1,Y56,2020,22403,,,,,,,,,
IT1:29_7_DF_DCIS_POPSTRRES1_23(1.0),A,IT,JAN,1,Y56,2021,24403,,,,,,,,,
IT1:29_7_DF_DCIS_POPSTRRES1_23(1.0),A,IT,JAN,1,Y56,2022,25003,,,,,,,,,
IT1:29_7_DF_DCIS_POPSTRRES1_23(1.0),A,IT,JAN,1,Y57,2019,18670,,,,,,,,,
IT1:29_7_DF_DCIS_POPSTRRES1_23(1.0),A,IT,JAN,1,Y57,2020,21030,,,,,,,,,
IT1:29_7_DF_DCIS_POPSTRRES1_23(1.0),A,IT,JAN,1,Y57,2021,22186,,,,,,,,,
IT1:29_7_DF_DCIS_POPSTRRES1_23(1.0),A,IT,JAN,1,Y57,2022,23442,,,,,,,,,
IT1:29_7_DF_DCIS_POPSTRRES1_23(1.0),A,IT,JAN,1,Y58,2019,18547,,,,,,,,,
IT1:29_7_DF_DCIS_POPSTRRES1_23(1.0),A,IT,JAN,1,Y58,2020,18328,,,,,,,,,
IT1:29_7_DF_DCIS_POPSTRRES1_23(1.0),A,IT,JAN,1,Y58,2021,20715,,,,,,,,,
IT1:29_7_DF_DCIS_POPSTRRES1_23(1.0),A,IT,JAN,1,Y58,2022,21356,,,,,,,,,
IT1:29_7_DF_DCIS_POPSTRRES1_23(1.0),A,IT,JAN,1,Y59,2019,15997,,,,,,,,,
IT1:29_7_DF_DCIS_POPSTRRES1_23(1.0),A,IT,JAN,1,Y59,2020,18251,,,,,,,,,
IT1:29_7_DF_DCIS_POPSTRRES1_23(1.0),A,IT,JAN,1,Y59,2021,17950,,,,,,,,,
IT1:29_7_DF_DCIS_POPSTRRES1_23(1.0),A,IT,JAN,1,Y59,2022,19893,,,,,,,,,
IT1:29_7_DF_DCIS_POPSTRRES1_23(1.0),A,IT,JAN,1,Y6,2019,33656,,,,,,,,,
IT1:29_7_DF_DCIS_POPSTRRES1_23(1.0),A,IT,JAN,1,Y6,2020,32722,,,,,,,,,
IT1:29_7_DF_DCIS_POPSTRRES1_23(1.0),A,IT,JAN,1,Y6,2021,33117,,,,,,,,,
IT1:29_7_DF_DCIS_POPSTRRES1_23(1.0),A,IT,JAN,1,Y6,2022,33194,,,,,,,,,
IT1:29_7_DF_DCIS_POPSTRRES1_23(1.0),A,IT,JAN,1,Y60,2019,14966,,,,,,,,,
IT1:29_7_DF_DCIS_POPSTRRES1_23(1.0),A,IT,JAN,1,Y60,2020,15690,,,,,,,,,
IT1:29_7_DF_DCIS_POPSTRRES1_23(1.0),A,IT,JAN,1,Y60,2021,17731,,,,,,,,,
IT1:29_7_DF_DCIS_POPSTRRES1_23(1.0),A,IT,JAN,1,Y60,2022,17126,,,,,,,,,
IT1:29_7_DF_DCIS_POPSTRRES1_23(1.0),A,IT,JAN,1,Y61,2019,13376,,,,,,,,,
IT1:29_7_DF_DCIS_POPSTRRES1_23(1.0),A,IT,JAN,1,Y61,2020,14718,,,,,,,,,
IT1:29_7_DF_DCIS_POPSTRRES1_23(1.0),A,IT,JAN,1,Y61,2021,15194,,,,,,,,,
IT1:29_7_DF_DCIS_POPSTRRES1_23(1.0),A,IT,JAN,1,Y61,2022,16849,,,,,,,,,
IT1:29_7_DF_DCIS_POPSTRRES1_23(1.0),A,IT,JAN,1,Y62,2019,12125,,,,,,,,,
IT1:29_7_DF_DCIS_POPSTRRES1_23(1.0),A,IT,JAN,1,Y62,2020,13115,,,,,,,,,
IT1:29_7_DF_DCIS_POPSTRRES1_23(1.0),A,IT,JAN,1,Y62,2021,14046,,,,,,,,,
IT1:29_7_DF_DCIS_POPSTRRES1_23(1.0),A,IT,JAN,1,Y62,2022,14475,,,,,,,,,
IT1:29_7_DF_DCIS_POPSTRRES1_23(1.0),A,IT,JAN,1,Y63,2019,10923,,,,,,,,,
IT1:29_7_DF_DCIS_POPSTRRES1_23(1.0),A,IT,JAN,1,Y63,2020,11857,,,,,,,,,
IT1:29_7_DF_DCIS_POPSTRRES1_23(1.0),A,IT,JAN,1,Y63,2021,12261,,,,,,,,,
IT1:29_7_DF_DCIS_POPSTRRES1_23(1.0),A,IT,JAN,1,Y63,2022,13335,,,,,,,,,
IT1:29_7_DF_DCIS_POPSTRRES1_23(1.0),A,IT,JAN,1,Y64,2019,9521,,,,,,,,,
IT1:29_7_DF_DCIS_POPSTRRES1_23(1.0),A,IT,JAN,1,Y64,2020,10728,,,,,,,,,
IT1:29_7_DF_DCIS_POPSTRRES1_23(1.0),A,IT,JAN,1,Y64,2021,11200,,,,,,,,,
IT1:29_7_DF_DCIS_POPSTRRES1_23(1.0),A,IT,JAN,1,Y64,2022,11645,,,,,,,,,
IT1:29_7_DF_DCIS_POPSTRRES1_23(1.0),A,IT,JAN,1,Y65,2019,8181,,,,,,,,,
IT1:29_7_DF_DCIS_POPSTRRES1_23(1.0),A,IT,JAN,1,Y65,2020,9365,,,,,,,,,
IT1:29_7_DF_DCIS_POPSTRRES1_23(1.0),A,IT,JAN,1,Y65,2021,10169,,,,,,,,,
IT1:29_7_DF_DCIS_POPSTRRES1_23(1.0),A,IT,JAN,1,Y65,2022,10551,,,,,,,,,
IT1:29_7_DF_DCIS_POPSTRRES1_23(1.0),A,IT,JAN,1,Y66,2019,7424,,,,,,,,,
IT1:29_7_DF_DCIS_POPSTRRES1_23(1.0),A,IT,JAN,1,Y66,2020,8095,,,,,,,,,
IT1:29_7_DF_DCIS_POPSTRRES1_23(1.0),A,IT,JAN,1,Y66,2021,8786,,,,,,,,,
IT1:29_7_DF_DCIS_POPSTRRES1_23(1.0),A,IT,JAN,1,Y66,2022,9585,,,,,,,,,
IT1:29_7_DF_DCIS_POPSTRRES1_23(1.0),A,IT,JAN,1,Y67,2019,6292,,,,,,,,,
IT1:29_7_DF_DCIS_POPSTRRES1_23(1.0),A,IT,JAN,1,Y67,2020,7368,,,,,,,,,
IT1:29_7_DF_DCIS_POPSTRRES1_23(1.0),A,IT,JAN,1,Y67,2021,7463,,,,,,,,,
IT1:29_7_DF_DCIS_POPSTRRES1_23(1.0),A,IT,JAN,1,Y67,2022,8138,,,,,,,,,
IT1:29_7_DF_DCIS_POPSTRRES1_23(1.0),A,IT,JAN,1,Y68,2019,6263,,,,,,,,,
IT1:29_7_DF_DCIS_POPSTRRES1_23(1.0),A,IT,JAN,1,Y68,2020,6254,,,,,,,,,
IT1:29_7_DF_DCIS_POPSTRRES1_23(1.0),A,IT,JAN,1,Y68,2021,6750,,,,,,,,,
IT1:29_7_DF_DCIS_POPSTRRES1_23(1.0),A,IT,JAN,1,Y68,2022,6899,,,,,,,,,
IT1:29_7_DF_DCIS_POPSTRRES1_23(1.0),A,IT,JAN,1,Y69,2019,5407,,,,,,,,,
IT1:29_7_DF_DCIS_POPSTRRES1_23(1.0),A,IT,JAN,1,Y69,2020,6234,,,,,,,,,
IT1:29_7_DF_DCIS_POPSTRRES1_23(1.0),A,IT,JAN,1,Y69,2021,5705,,,,,,,,,
IT1:29_7_DF_DCIS_POPSTRRES1_23(1.0),A,IT,JAN,1,Y69,2022,6343,,,,,,,,,
IT1:29_7_DF_DCIS_POPSTRRES1_23(1.0),A,IT,JAN,1,Y7,2019,31805,,,,,,,,,
IT1:29_7_DF_DCIS_POPSTRRES1_23(1.0),A,IT,JAN,1,Y7,2020,33073,,,,,,,,,
IT1:29_7_DF_DCIS_POPSTRRES1_23(1.0),A,IT,JAN,1,Y7,2021,32268,,,,,,,,,
IT1:29_7_DF_DCIS_POPSTRRES1_23(1.0),A,IT,JAN,1,Y7,2022,33229,,,,,,,,,
IT1:29_7_DF_DCIS_POPSTRRES1_23(1.0),A,IT,JAN,1,Y70,2019,4849,,,,,,,,,
IT1:29_7_DF_DCIS_POPSTRRES1_23(1.0),A,IT,JAN,1,Y70,2020,5398,,,,,,,,,
IT1:29_7_DF_DCIS_POPSTRRES1_23(1.0),A,IT,JAN,1,Y70,2021,5741,,,,,,,,,
IT1:29_7_DF_DCIS_POPSTRRES1_23(1.0),A,IT,JAN,1,Y70,2022,5341,,,,,,,,,
IT1:29_7_DF_DCIS_POPSTRRES1_23(1.0),A,IT,JAN,1,Y71,2019,4224,,,,,,,,,
IT1:29_7_DF_DCIS_POPSTRRES1_23(1.0),A,IT,JAN,1,Y71,2020,4816,,,,,,,,,
IT1:29_7_DF_DCIS_POPSTRRES1_23(1.0),A,IT,JAN,1,Y71,2021,4947,,,,,,,,,
IT1:29_7_DF_DCIS_POPSTRRES1_23(1.0),A,IT,JAN,1,Y71,2022,5350,,,,,,,,,
IT1:29_7_DF_DCIS_POPSTRRES1_23(1.0),A,IT,JAN,1,Y72,2019,3723,,,,,,,,,
IT1:29_7_DF_DCIS_POPSTRRES1_23(1.0),A,IT,JAN,1,Y72,2020,4197,,,,,,,,,
IT1:29_7_DF_DCIS_POPSTRRES1_23(1.0),A,IT,JAN,1,Y72,2021,4472,,,,,,,,,
IT1:29_7_DF_DCIS_POPSTRRES1_23(1.0),A,IT,JAN,1,Y72,2022,4593,,,,,,,,,
IT1:29_7_DF_DCIS_POPSTRRES1_23(1.0),A,IT,JAN,1,Y73,2019,3163,,,,,,,,,
IT1:29_7_DF_DCIS_POPSTRRES1_23(1.0),A,IT,JAN,1,Y73,2020,3642,,,,,,,,,
IT1:29_7_DF_DCIS_POPSTRRES1_23(1.0),A,IT,JAN,1,Y73,2021,3810,,,,,,,,,
IT1:29_7_DF_DCIS_POPSTRRES1_23(1.0),A,IT,JAN,1,Y73,2022,4058,,,,,,,,,
IT1:29_7_DF_DCIS_POPSTRRES1_23(1.0),A,IT,JAN,1,Y74,2019,3018,,,,,,,,,
IT1:29_7_DF_DCIS_POPSTRRES1_23(1.0),A,IT,JAN,1,Y74,2020,3109,,,,,,,,,
IT1:29_7_DF_DCIS_POPSTRRES1_23(1.0),A,IT,JAN,1,Y74,2021,3285,,,,,,,,,
IT1:29_7_DF_DCIS_POPSTRRES1_23(1.0),A,IT,JAN,1,Y74,2022,3521,,,,,,,,,
IT1:29_7_DF_DCIS_POPSTRRES1_23(1.0),A,IT,JAN,1,Y75,2019,2765,,,,,,,,,
IT1:29_7_DF_DCIS_POPSTRRES1_23(1.0),A,IT,JAN,1,Y75,2020,2958,,,,,,,,,
IT1:29_7_DF_DCIS_POPSTRRES1_23(1.0),A,IT,JAN,1,Y75,2021,2862,,,,,,,,,
IT1:29_7_DF_DCIS_POPSTRRES1_23(1.0),A,IT,JAN,1,Y75,2022,2974,,,,,,,,,
IT1:29_7_DF_DCIS_POPSTRRES1_23(1.0),A,IT,JAN,1,Y76,2019,2794,,,,,,,,,
IT1:29_7_DF_DCIS_POPSTRRES1_23(1.0),A,IT,JAN,1,Y76,2020,2706,,,,,,,,,
IT1:29_7_DF_DCIS_POPSTRRES1_23(1.0),A,IT,JAN,1,Y76,2021,2670,,,,,,,,,
IT1:29_7_DF_DCIS_POPSTRRES1_23(1.0),A,IT,JAN,1,Y76,2022,2565,,,,,,,,,
IT1:29_7_DF_DCIS_POPSTRRES1_23(1.0),A,IT,JAN,1,Y77,2019,2214,,,,,,,,,
IT1:29_7_DF_DCIS_POPSTRRES1_23(1.0),A,IT,JAN,1,Y77,2020,2729,,,,,,,,,
IT1:29_7_DF_DCIS_POPSTRRES1_23(1.0),A,IT,JAN,1,Y77,2021,2386,,,,,,,,,
IT1:29_7_DF_DCIS_POPSTRRES1_23(1.0),A,IT,JAN,1,Y77,2022,2374,,,,,,,,,
IT1:29_7_DF_DCIS_POPSTRRES1_23(1.0),A,IT,JAN,1,Y78,2019,2362,,,,,,,,,
IT1:29_7_DF_DCIS_POPSTRRES1_23(1.0),A,IT,JAN,1,Y78,2020,2164,,,,,,,,,
IT1:29_7_DF_DCIS_POPSTRRES1_23(1.0),A,IT,JAN,1,Y78,2021,2426,,,,,,,,,
IT1:29_7_DF_DCIS_POPSTRRES1_23(1.0),A,IT,JAN,1,Y78,2022,2111,,,,,,,,,
IT1:29_7_DF_DCIS_POPSTRRES1_23(1.0),A,IT,JAN,1,Y79,2019,1907,,,,,,,,,
IT1:29_7_DF_DCIS_POPSTRRES1_23(1.0),A,IT,JAN,1,Y79,2020,2273,,,,,,,,,
IT1:29_7_DF_DCIS_POPSTRRES1_23(1.0),A,IT,JAN,1,Y79,2021,1868,,,,,,,,,
IT1:29_7_DF_DCIS_POPSTRRES1_23(1.0),A,IT,JAN,1,Y79,2022,2101,,,,,,,,,
IT1:29_7_DF_DCIS_POPSTRRES1_23(1.0),A,IT,JAN,1,Y8,2019,30975,,,,,,,,,
IT1:29_7_DF_DCIS_POPSTRRES1_23(1.0),A,IT,JAN,1,Y8,2020,31328,,,,,,,,,
IT1:29_7_DF_DCIS_POPSTRRES1_23(1.0),A,IT,JAN,1,Y8,2021,32477,,,,,,,,,
IT1:29_7_DF_DCIS_POPSTRRES1_23(1.0),A,IT,JAN,1,Y8,2022,32137,,,,,,,,,
IT1:29_7_DF_DCIS_POPSTRRES1_23(1.0),A,IT,JAN,1,Y80,2019,1786,,,,,,,,,
IT1:29_7_DF_DCIS_POPSTRRES1_23(1.0),A,IT,JAN,1,Y80,2020,1838,,,,,,,,,
IT1:29_7_DF_DCIS_POPSTRRES1_23(1.0),A,IT,JAN,1,Y80,2021,1985,,,,,,,,,
IT1:29_7_DF_DCIS_POPSTRRES1_23(1.0),A,IT,JAN,1,Y80,2022,1614,,,,,,,,,
IT1:29_7_DF_DCIS_POPSTRRES1_23(1.0),A,IT,JAN,1,Y81,2019,1534,,,,,,,,,
IT1:29_7_DF_DCIS_POPSTRRES1_23(1.0),A,IT,JAN,1,Y81,2020,1712,,,,,,,,,
IT1:29_7_DF_DCIS_POPSTRRES1_23(1.0),A,IT,JAN,1,Y81,2021,1565,,,,,,,,,
IT1:29_7_DF_DCIS_POPSTRRES1_23(1.0),A,IT,JAN,1,Y81,2022,1736,,,,,,,,,
IT1:29_7_DF_DCIS_POPSTRRES1_23(1.0),A,IT,JAN,1,Y82,2019,1371,,,,,,,,,
IT1:29_7_DF_DCIS_POPSTRRES1_23(1.0),A,IT,JAN,1,Y82,2020,1459,,,,,,,,,
IT1:29_7_DF_DCIS_POPSTRRES1_23(1.0),A,IT,JAN,1,Y82,2021,1454,,,,,,,,,
IT1:29_7_DF_DCIS_POPSTRRES1_23(1.0),A,IT,JAN,1,Y82,2022,1317,,,,,,,,,
IT1:29_7_DF_DCIS_POPSTRRES1_23(1.0),A,IT,JAN,1,Y83,2019,1184,,,,,,,,,
IT1:29_7_DF_DCIS_POPSTRRES1_23(1.0),A,IT,JAN,1,Y83,2020,1302,,,,,,,,,
IT1:29_7_DF_DCIS_POPSTRRES1_23(1.0),A,IT,JAN,1,Y83,2021,1217,,,,,,,,,
IT1:29_7_DF_DCIS_POPSTRRES1_23(1.0),A,IT,JAN,1,Y83,2022,1196,,,,,,,,,
IT1:29_7_DF_DCIS_POPSTRRES1_23(1.0),A,IT,JAN,1,Y84,2019,949,,,,,,,,,
IT1:29_7_DF_DCIS_POPSTRRES1_23(1.0),A,IT,JAN,1,Y84,2020,1104,,,,,,,,,
IT1:29_7_DF_DCIS_POPSTRRES1_23(1.0),A,IT,JAN,1,Y84,2021,1059,,,,,,,,,
IT1:29_7_DF_DCIS_POPSTRRES1_23(1.0),A,IT,JAN,1,Y84,2022,1034,,,,,,,,,
IT1:29_7_DF_DCIS_POPSTRRES1_23(1.0),A,IT,JAN,1,Y85,2019,764,,,,,,,,,
IT1:29_7_DF_DCIS_POPSTRRES1_23(1.0),A,IT,JAN,1,Y85,2020,890,,,,,,,,,
IT1:29_7_DF_DCIS_POPSTRRES1_23(1.0),A,IT,JAN,1,Y85,2021,903,,,,,,,,,
IT1:29_7_DF_DCIS_POPSTRRES1_23(1.0),A,IT,JAN,1,Y85,2022,854,,,,,,,,,
IT1:29_7_DF_DCIS_POPSTRRES1_23(1.0),A,IT,JAN,1,Y86,2019,682,,,,,,,,,
IT1:29_7_DF_DCIS_POPSTRRES1_23(1.0),A,IT,JAN,1,Y86,2020,711,,,,,,,,,
IT1:29_7_DF_DCIS_POPSTRRES1_23(1.0),A,IT,JAN,1,Y86,2021,705,,,,,,,,,
IT1:29_7_DF_DCIS_POPSTRRES1_23(1.0),A,IT,JAN,1,Y86,2022,753,,,,,,,,,
IT1:29_7_DF_DCIS_POPSTRRES1_23(1.0),A,IT,JAN,1,Y87,2019,467,,,,,,,,,
IT1:29_7_DF_DCIS_POPSTRRES1_23(1.0),A,IT,JAN,1,Y87,2020,622,,,,,,,,,
IT1:29_7_DF_DCIS_POPSTRRES1_23(1.0),A,IT,JAN,1,Y87,2021,558,,,,,,,,,
IT1:29_7_DF_DCIS_POPSTRRES1_23(1.0),A,IT,JAN,1,Y87,2022,563,,,,,,,,,
IT1:29_7_DF_DCIS_POPSTRRES1_23(1.0),A,IT,JAN,1,Y88,2019,500,,,,,,,,,
IT1:29_7_DF_DCIS_POPSTRRES1_23(1.0),A,IT,JAN,1,Y88,2020,428,,,,,,,,,
IT1:29_7_DF_DCIS_POPSTRRES1_23(1.0),A,IT,JAN,1,Y88,2021,474,,,,,,,,,
IT1:29_7_DF_DCIS_POPSTRRES1_23(1.0),A,IT,JAN,1,Y88,2022,456,,,,,,,,,
IT1:29_7_DF_DCIS_POPSTRRES1_23(1.0),A,IT,JAN,1,Y89,2019,313,,,,,,,,,
IT1:29_7_DF_DCIS_POPSTRRES1_23(1.0),A,IT,JAN,1,Y89,2020,446,,,,,,,,,
IT1:29_7_DF_DCIS_POPSTRRES1_23(1.0),A,IT,JAN,1,Y89,2021,301,,,,,,,,,
IT1:29_7_DF_DCIS_POPSTRRES1_23(1.0),A,IT,JAN,1,Y89,2022,380,,,,,,,,,
IT1:29_7_DF_DCIS_POPSTRRES1_23(1.0),A,IT,JAN,1,Y9,2019,30475,,,,,,,,,
IT1:29_7_DF_DCIS_POPSTRRES1_23(1.0),A,IT,JAN,1,Y9,2020,30549,,,,,,,,,
IT1:29_7_DF_DCIS_POPSTRRES1_23(1.0),A,IT,JAN,1,Y9,2021,30651,,,,,,,,,
IT1:29_7_DF_DCIS_POPSTRRES1_23(1.0),A,IT,JAN,1,Y9,2022,32502,,,,,,,,,
IT1:29_7_DF_DCIS_POPSTRRES1_23(1.0),A,IT,JAN,1,Y90,2019,269,,,,,,,,,
IT1:29_7_DF_DCIS_POPSTRRES1_23(1.0),A,IT,JAN,1,Y90,2020,265,,,,,,,,,
IT1:29_7_DF_DCIS_POPSTRRES1_23(1.0),A,IT,JAN,1,Y90,2021,342,,,,,,,,,
IT1:29_7_DF_DCIS_POPSTRRES1_23(1.0),A,IT,JAN,1,Y90,2022,242,,,,,,,,,
IT1:29_7_DF_DCIS_POPSTRRES1_23(1.0),A,IT,JAN,1,Y91,2019,220,,,,,,,,,
IT1:29_7_DF_DCIS_POPSTRRES1_23(1.0),A,IT,JAN,1,Y91,2020,236,,,,,,,,,
IT1:29_7_DF_DCIS_POPSTRRES1_23(1.0),A,IT,JAN,1,Y91,2021,193,,,,,,,,,
IT1:29_7_DF_DCIS_POPSTRRES1_23(1.0),A,IT,JAN,1,Y91,2022,266,,,,,,,,,
IT1:29_7_DF_DCIS_POPSTRRES1_23(1.0),A,IT,JAN,1,Y92,2019,162,,,,,,,,,
IT1:29_7_DF_DCIS_POPSTRRES1_23(1.0),A,IT,JAN,1,Y92,2020,191,,,,,,,,,
IT1:29_7_DF_DCIS_POPSTRRES1_23(1.0),A,IT,JAN,1,Y92,2021,160,,,,,,,,,
IT1:29_7_DF_DCIS_POPSTRRES1_23(1.0),A,IT,JAN,1,Y92,2022,142,,,,,,,,,
IT1:29_7_DF_DCIS_POPSTRRES1_23(1.0),A,IT,JAN,1,Y93,2019,139,,,,,,,,,
IT1:29_7_DF_DCIS_POPSTRRES1_23(1.0),A,IT,JAN,1,Y93,2020,143,,,,,,,,,
IT1:29_7_DF_DCIS_POPSTRRES1_23(1.0),A,IT,JAN,1,Y93,2021,135,,,,,,,,,
IT1:29_7_DF_DCIS_POPSTRRES1_23(1.0),A,IT,JAN,1,Y93,2022,112,,,,,,,,,
IT1:29_7_DF_DCIS_POPSTRRES1_23(1.0),A,IT,JAN,1,Y94,2019,94,,,,,,,,,
IT1:29_7_DF_DCIS_POPSTRRES1_23(1.0),A,IT,JAN,1,Y94,2020,114,,,,,,,,,
IT1:29_7_DF_DCIS_POPSTRRES1_23(1.0),A,IT,JAN,1,Y94,2021,90,,,,,,,,,
IT1:29_7_DF_DCIS_POPSTRRES1_23(1.0),A,IT,JAN,1,Y94,2022,99,,,,,,,,,
IT1:29_7_DF_DCIS_POPSTRRES1_23(1.0),A,IT,JAN,1,Y95,2019,82,,,,,,,,,
IT1:29_7_DF_DCIS_POPSTRRES1_23(1.0),A,IT,JAN,1,Y95,2020,78,,,,,,,,,
IT1:29_7_DF_DCIS_POPSTRRES1_23(1.0),A,IT,JAN,1,Y95,2021,71,,,,,,,,,
IT1:29_7_DF_DCIS_POPSTRRES1_23(1.0),A,IT,JAN,1,Y95,2022,79,,,,,,,,,
IT1:29_7_DF_DCIS_POPSTRRES1_23(1.0),A,IT,JAN,1,Y96,2019,58,,,,,,,,,
IT1:29_7_DF_DCIS_POPSTRRES1_23(1.0),A,IT,JAN,1,Y96,2020,69,,,,,,,,,
IT1:29_7_DF_DCIS_POPSTRRES1_23(1.0),A,IT,JAN,1,Y96,2021,45,,,,,,,,,
IT1:29_7_DF_DCIS_POPSTRRES1_23(1.0),A,IT,JAN,1,Y96,2022,46,,,,,,,,,
IT1:29_7_DF_DCIS_POPSTRRES1_23(1.0),A,IT,JAN,1,Y97,2019,46,,,,,,,,,
IT1:29_7_DF_DCIS_POPSTRRES1_23(1.0),A,IT,JAN,1,Y97,2020,46,,,,,,,,,
IT1:29_7_DF_DCIS_POPSTRRES1_23(1.0),A,IT,JAN,1,Y97,2021,45,,,,,,,,,
IT1:29_7_DF_DCIS_POPSTRRES1_23(1.0),A,IT,JAN,1,Y97,2022,28,,,,,,,,,
IT1:29_7_DF_DCIS_POPSTRRES1_23(1.0),A,IT,JAN,1,Y98,2019,33,,,,,,,,,
IT1:29_7_DF_DCIS_POPSTRRES1_23(1.0),A,IT,JAN,1,Y98,2020,37,,,,,,,,,
IT1:29_7_DF_DCIS_POPSTRRES1_23(1.0),A,IT,JAN,1,Y98,2021,38,,,,,,,,,
IT1:29_7_DF_DCIS_POPSTRRES1_23(1.0),A,IT,JAN,1,Y98,2022,54,,,,,,,,,
IT1:29_7_DF_DCIS_POPSTRRES1_23(1.0),A,IT,JAN,1,Y99,2019,22,,,,,,,,,
IT1:29_7_DF_DCIS_POPSTRRES1_23(1.0),A,IT,JAN,1,Y99,2020,28,,,,,,,,,
IT1:29_7_DF_DCIS_POPSTRRES1_23(1.0),A,IT,JAN,1,Y99,2021,30,,,,,,,,,
IT1:29_7_DF_DCIS_POPSTRRES1_23(1.0),A,IT,JAN,1,Y99,2022,33,,,,,,,,,
IT1:29_7_DF_DCIS_POPSTRRES1_23(1.0),A,IT,JAN,2,TOTAL,2019,2581873,,,,,,,,,
IT1:29_7_DF_DCIS_POPSTRRES1_23(1.0),A,IT,JAN,2,TOTAL,2020,2607959,,,,,,,,,
IT1:29_7_DF_DCIS_POPSTRRES1_23(1.0),A,IT,JAN,2,TOTAL,2021,2647250,,,,,,,,,
IT1:29_7_DF_DCIS_POPSTRRES1_23(1.0),A,IT,JAN,2,TOTAL,2022,2562514,,,,,,,,,
IT1:29_7_DF_DCIS_POPSTRRES1_23(1.0),A,IT,JAN,2,Y_GE100,2019,84,,,,,,,,,
IT1:29_7_DF_DCIS_POPSTRRES1_23(1.0),A,IT,JAN,2,Y_GE100,2020,93,,,,,,,,,
IT1:29_7_DF_DCIS_POPSTRRES1_23(1.0),A,IT,JAN,2,Y_GE100,2021,121,,,,,,,,,
IT1:29_7_DF_DCIS_POPSTRRES1_23(1.0),A,IT,JAN,2,Y_GE100,2022,130,,,,,,,,,
IT1:29_7_DF_DCIS_POPSTRRES1_23(1.0),A,IT,JAN,2,Y0,2019,29873,,,,,,,,,
IT1:29_7_DF_DCIS_POPSTRRES1_23(1.0),A,IT,JAN,2,Y0,2020,29402,,,,,,,,,
IT1:29_7_DF_DCIS_POPSTRRES1_23(1.0),A,IT,JAN,2,Y0,2021,29217,,,,,,,,,
IT1:29_7_DF_DCIS_POPSTRRES1_23(1.0),A,IT,JAN,2,Y0,2022,26316,,,,,,,,,
IT1:29_7_DF_DCIS_POPSTRRES1_23(1.0),A,IT,JAN,2,Y1,2019,31727,,,,,,,,,
IT1:29_7_DF_DCIS_POPSTRRES1_23(1.0),A,IT,JAN,2,Y1,2020,29889,,,,,,,,,
IT1:29_7_DF_DCIS_POPSTRRES1_23(1.0),A,IT,JAN,2,Y1,2021,29661,,,,,,,,,
IT1:29_7_DF_DCIS_POPSTRRES1_23(1.0),A,IT,JAN,2,Y1,2022,27998,,,,,,,,,
IT1:29_7_DF_DCIS_POPSTRRES1_23(1.0),A,IT,JAN,2,Y10,2019,27002,,,,,,,,,
IT1:29_7_DF_DCIS_POPSTRRES1_23(1.0),A,IT,JAN,2,Y10,2020,27964,,,,,,,,,
IT1:29_7_DF_DCIS_POPSTRRES1_23(1.0),A,IT,JAN,2,Y10,2021,27769,,,,,,,,,
IT1:29_7_DF_DCIS_POPSTRRES1_23(1.0),A,IT,JAN,2,Y10,2022,28204,,,,,,,,,
IT1:29_7_DF_DCIS_POPSTRRES1_23(1.0),A,IT,JAN,2,Y11,2019,25380,,,,,,,,,
IT1:29_7_DF_DCIS_POPSTRRES1_23(1.0),A,IT,JAN,2,Y11,2020,26600,,,,,,,,,
IT1:29_7_DF_DCIS_POPSTRRES1_23(1.0),A,IT,JAN,2,Y11,2021,27507,,,,,,,,,
IT1:29_7_DF_DCIS_POPSTRRES1_23(1.0),A,IT,JAN,2,Y11,2022,27616,,,,,,,,,
IT1:29_7_DF_DCIS_POPSTRRES1_23(1.0),A,IT,JAN,2,Y12,2019,24233,,,,,,,,,
IT1:29_7_DF_DCIS_POPSTRRES1_23(1.0),A,IT,JAN,2,Y12,2020,25103,,,,,,,,,
IT1:29_7_DF_DCIS_POPSTRRES1_23(1.0),A,IT,JAN,2,Y12,2021,26483,,,,,,,,,
IT1:29_7_DF_DCIS_POPSTRRES1_23(1.0),A,IT,JAN,2,Y12,2022,27270,,,,,,,,,
IT1:29_7_DF_DCIS_POPSTRRES1_23(1.0),A,IT,JAN,2,Y13,2019,22534,,,,,,,,,
IT1:29_7_DF_DCIS_POPSTRRES1_23(1.0),A,IT,JAN,2,Y13,2020,23982,,,,,,,,,
IT1:29_7_DF_DCIS_POPSTRRES1_23(1.0),A,IT,JAN,2,Y13,2021,25100,,,,,,,,,
IT1:29_7_DF_DCIS_POPSTRRES1_23(1.0),A,IT,JAN,2,Y13,2022,26381,,,,,,,,,
IT1:29_7_DF_DCIS_POPSTRRES1_23(1.0),A,IT,JAN,2,Y14,2019,21917,,,,,,,,,
IT1:29_7_DF_DCIS_POPSTRRES1_23(1.0),A,IT,JAN,2,Y14,2020,22497,,,,,,,,,
IT1:29_7_DF_DCIS_POPSTRRES1_23(1.0),A,IT,JAN,2,Y14,2021,24175,,,,,,,,,
IT1:29_7_DF_DCIS_POPSTRRES1_23(1.0),A,IT,JAN,2,Y14,2022,25042,,,,,,,,,
IT1:29_7_DF_DCIS_POPSTRRES1_23(1.0),A,IT,JAN,2,Y15,2019,20125,,,,,,,,,
IT1:29_7_DF_DCIS_POPSTRRES1_23(1.0),A,IT,JAN,2,Y15,2020,21964,,,,,,,,,
IT1:29_7_DF_DCIS_POPSTRRES1_23(1.0),A,IT,JAN,2,Y15,2021,22777,,,,,,,,,
IT1:29_7_DF_DCIS_POPSTRRES1_23(1.0),A,IT,JAN,2,Y15,2022,24166,,,,,,,,,
IT1:29_7_DF_DCIS_POPSTRRES1_23(1.0),A,IT,JAN,2,Y16,2019,19720,,,,,,,,,
IT1:29_7_DF_DCIS_POPSTRRES1_23(1.0),A,IT,JAN,2,Y16,2020,20285,,,,,,,,,
IT1:29_7_DF_DCIS_POPSTRRES1_23(1.0),A,IT,JAN,2,Y16,2021,22240,,,,,,,,,
IT1:29_7_DF_DCIS_POPSTRRES1_23(1.0),A,IT,JAN,2,Y16,2022,22789,,,,,,,,,
IT1:29_7_DF_DCIS_POPSTRRES1_23(1.0),A,IT,JAN,2,Y17,2019,19942,,,,,,,,,
IT1:29_7_DF_DCIS_POPSTRRES1_23(1.0),A,IT,JAN,2,Y17,2020,19844,,,,,,,,,
IT1:29_7_DF_DCIS_POPSTRRES1_23(1.0),A,IT,JAN,2,Y17,2021,20383,,,,,,,,,
IT1:29_7_DF_DCIS_POPSTRRES1_23(1.0),A,IT,JAN,2,Y17,2022,22391,,,,,,,,,
IT1:29_7_DF_DCIS_POPSTRRES1_23(1.0),A,IT,JAN,2,Y18,2019,18974,,,,,,,,,
IT1:29_7_DF_DCIS_POPSTRRES1_23(1.0),A,IT,JAN,2,Y18,2020,17951,,,,,,,,,
IT1:29_7_DF_DCIS_POPSTRRES1_23(1.0),A,IT,JAN,2,Y18,2021,17676,,,,,,,,,
IT1:29_7_DF_DCIS_POPSTRRES1_23(1.0),A,IT,JAN,2,Y18,2022,16801,,,,,,,,,
IT1:29_7_DF_DCIS_POPSTRRES1_23(1.0),A,IT,JAN,2,Y19,2019,19108,,,,,,,,,
IT1:29_7_DF_DCIS_POPSTRRES1_23(1.0),A,IT,JAN,2,Y19,2020,18943,,,,,,,,,
IT1:29_7_DF_DCIS_POPSTRRES1_23(1.0),A,IT,JAN,2,Y19,2021,18597,,,,,,,,,
IT1:29_7_DF_DCIS_POPSTRRES1_23(1.0),A,IT,JAN,2,Y19,2022,15982,,,,,,,,,
IT1:29_7_DF_DCIS_POPSTRRES1_23(1.0),A,IT,JAN,2,Y2,2019,31358,,,,,,,,,
IT1:29_7_DF_DCIS_POPSTRRES1_23(1.0),A,IT,JAN,2,Y2,2020,31538,,,,,,,,,
IT1:29_7_DF_DCIS_POPSTRRES1_23(1.0),A,IT,JAN,2,Y2,2021,30840,,,,,,,,,
IT1:29_7_DF_DCIS_POPSTRRES1_23(1.0),A,IT,JAN,2,Y2,2022,29640,,,,,,,,,
IT1:29_7_DF_DCIS_POPSTRRES1_23(1.0),A,IT,JAN,2,Y20,2019,21569,,,,,,,,,
IT1:29_7_DF_DCIS_POPSTRRES1_23(1.0),A,IT,JAN,2,Y20,2020,20623,,,,,,,,,
IT1:29_7_DF_DCIS_POPSTRRES1_23(1.0),A,IT,JAN,2,Y20,2021,21766,,,,,,,,,
IT1:29_7_DF_DCIS_POPSTRRES1_23(1.0),A,IT,JAN,2,Y20,2022,18156,,,,,,,,,
IT1:29_7_DF_DCIS_POPSTRRES1_23(1.0),A,IT,JAN,2,Y21,2019,24039,,,,,,,,,
IT1:29_7_DF_DCIS_POPSTRRES1_23(1.0),A,IT,JAN,2,Y21,2020,23031,,,,,,,,,
IT1:29_7_DF_DCIS_POPSTRRES1_23(1.0),A,IT,JAN,2,Y21,2021,25210,,,,,,,,,
IT1:29_7_DF_DCIS_POPSTRRES1_23(1.0),A,IT,JAN,2,Y21,2022,20887,,,,,,,,,
IT1:29_7_DF_DCIS_POPSTRRES1_23(1.0),A,IT,JAN,2,Y22,2019,25947,,,,,,,,,
IT1:29_7_DF_DCIS_POPSTRRES1_23(1.0),A,IT,JAN,2,Y22,2020,25456,,,,,,,,,
IT1:29_7_DF_DCIS_POPSTRRES1_23(1.0),A,IT,JAN,2,Y22,2021,28074,,,,,,,,,
IT1:29_7_DF_DCIS_POPSTRRES1_23(1.0),A,IT,JAN,2,Y22,2022,22435,,,,,,,,,
IT1:29_7_DF_DCIS_POPSTRRES1_23(1.0),A,IT,JAN,2,Y23,2019,28483,,,,,,,,,
IT1:29_7_DF_DCIS_POPSTRRES1_23(1.0),A,IT,JAN,2,Y23,2020,27583,,,,,,,,,
IT1:29_7_DF_DCIS_POPSTRRES1_23(1.0),A,IT,JAN,2,Y23,2021,30232,,,,,,,,,
IT1:29_7_DF_DCIS_POPSTRRES1_23(1.0),A,IT,JAN,2,Y23,2022,24778,,,,,,,,,
IT1:29_7_DF_DCIS_POPSTRRES1_23(1.0),A,IT,JAN,2,Y24,2019,31462,,,,,,,,,
IT1:29_7_DF_DCIS_POPSTRRES1_23(1.0),A,IT,JAN,2,Y24,2020,30322,,,,,,,,,
IT1:29_7_DF_DCIS_POPSTRRES1_23(1.0),A,IT,JAN,2,Y24,2021,32058,,,,,,,,,
IT1:29_7_DF_DCIS_POPSTRRES1_23(1.0),A,IT,JAN,2,Y24,2022,27722,,,,,,,,,
IT1:29_7_DF_DCIS_POPSTRRES1_23(1.0),A,IT,JAN,2,Y25,2019,33926,,,,,,,,,
IT1:29_7_DF_DCIS_POPSTRRES1_23(1.0),A,IT,JAN,2,Y25,2020,33392,,,,,,,,,
IT1:29_7_DF_DCIS_POPSTRRES1_23(1.0),A,IT,JAN,2,Y25,2021,34494,,,,,,,,,
IT1:29_7_DF_DCIS_POPSTRRES1_23(1.0),A,IT,JAN,2,Y25,2022,30119,,,,,,,,,
IT1:29_7_DF_DCIS_POPSTRRES1_23(1.0),A,IT,JAN,2,Y26,2019,37894,,,,,,,,,
IT1:29_7_DF_DCIS_POPSTRRES1_23(1.0),A,IT,JAN,2,Y26,2020,35798,,,,,,,,,
IT1:29_7_DF_DCIS_POPSTRRES1_23(1.0),A,IT,JAN,2,Y26,2021,36909,,,,,,,,,
IT1:29_7_DF_DCIS_POPSTRRES1_23(1.0),A,IT,JAN,2,Y26,2022,33123,,,,,,,,,
IT1:29_7_DF_DCIS_POPSTRRES1_23(1.0),A,IT,JAN,2,Y27,2019,40040,,,,,,,,,
IT1:29_7_DF_DCIS_POPSTRRES1_23(1.0),A,IT,JAN,2,Y27,2020,39825,,,,,,,,,
IT1:29_7_DF_DCIS_POPSTRRES1_23(1.0),A,IT,JAN,2,Y27,2021,38767,,,,,,,,,
IT1:29_7_DF_DCIS_POPSTRRES1_23(1.0),A,IT,JAN,2,Y27,2022,35793,,,,,,,,,
IT1:29_7_DF_DCIS_POPSTRRES1_23(1.0),A,IT,JAN,2,Y28,2019,44871,,,,,,,,,
IT1:29_7_DF_DCIS_POPSTRRES1_23(1.0),A,IT,JAN,2,Y28,2020,41711,,,,,,,,,
IT1:29_7_DF_DCIS_POPSTRRES1_23(1.0),A,IT,JAN,2,Y28,2021,42052,,,,,,,,,
IT1:29_7_DF_DCIS_POPSTRRES1_23(1.0),A,IT,JAN,2,Y28,2022,37902,,,,,,,,,
IT1:29_7_DF_DCIS_POPSTRRES1_23(1.0),A,IT,JAN,2,Y29,2019,49471,,,,,,,,,
IT1:29_7_DF_DCIS_POPSTRRES1_23(1.0),A,IT,JAN,2,Y29,2020,46237,,,,,,,,,
IT1:29_7_DF_DCIS_POPSTRRES1_23(1.0),A,IT,JAN,2,Y29,2021,43617,,,,,,,,,
IT1:29_7_DF_DCIS_POPSTRRES1_23(1.0),A,IT,JAN,2,Y29,2022,41179,,,,,,,,,
IT1:29_7_DF_DCIS_POPSTRRES1_23(1.0),A,IT,JAN,2,Y3,2019,31485,,,,,,,,,
IT1:29_7_DF_DCIS_POPSTRRES1_23(1.0),A,IT,JAN,2,Y3,2020,31225,,,,,,,,,
IT1:29_7_DF_DCIS_POPSTRRES1_23(1.0),A,IT,JAN,2,Y3,2021,32540,,,,,,,,,
IT1:29_7_DF_DCIS_POPSTRRES1_23(1.0),A,IT,JAN,2,Y3,2022,30582,,,,,,,,,
IT1:29_7_DF_DCIS_POPSTRRES1_23(1.0),A,IT,JAN,2,Y30,2019,53783,,,,,,,,,
IT1:29_7_DF_DCIS_POPSTRRES1_23(1.0),A,IT,JAN,2,Y30,2020,50649,,,,,,,,,
IT1:29_7_DF_DCIS_POPSTRRES1_23(1.0),A,IT,JAN,2,Y30,2021,47227,,,,,,,,,
IT1:29_7_DF_DCIS_POPSTRRES1_23(1.0),A,IT,JAN,2,Y30,2022,42717,,,,,,,,,
IT1:29_7_DF_DCIS_POPSTRRES1_23(1.0),A,IT,JAN,2,Y31,2019,56510,,,,,,,,,
IT1:29_7_DF_DCIS_POPSTRRES1_23(1.0),A,IT,JAN,2,Y31,2020,54623,,,,,,,,,
IT1:29_7_DF_DCIS_POPSTRRES1_23(1.0),A,IT,JAN,2,Y31,2021,51226,,,,,,,,,
IT1:29_7_DF_DCIS_POPSTRRES1_23(1.0),A,IT,JAN,2,Y31,2022,46247,,,,,,,,,
IT1:29_7_DF_DCIS_POPSTRRES1_23(1.0),A,IT,JAN,2,Y32,2019,57240,,,,,,,,,
IT1:29_7_DF_DCIS_POPSTRRES1_23(1.0),A,IT,JAN,2,Y32,2020,57041,,,,,,,,,
IT1:29_7_DF_DCIS_POPSTRRES1_23(1.0),A,IT,JAN,2,Y32,2021,54802,,,,,,,,,
IT1:29_7_DF_DCIS_POPSTRRES1_23(1.0),A,IT,JAN,2,Y32,2022,49984,,,,,,,,,
IT1:29_7_DF_DCIS_POPSTRRES1_23(1.0),A,IT,JAN,2,Y33,2019,56820,,,,,,,,,
IT1:29_7_DF_DCIS_POPSTRRES1_23(1.0),A,IT,JAN,2,Y33,2020,57396,,,,,,,,,
IT1:29_7_DF_DCIS_POPSTRRES1_23(1.0),A,IT,JAN,2,Y33,2021,56726,,,,,,,,,
IT1:29_7_DF_DCIS_POPSTRRES1_23(1.0),A,IT,JAN,2,Y33,2022,53465,,,,,,,,,
IT1:29_7_DF_DCIS_POPSTRRES1_23(1.0),A,IT,JAN,2,Y34,2019,57534,,,,,,,,,
IT1:29_7_DF_DCIS_POPSTRRES1_23(1.0),A,IT,JAN,2,Y34,2020,56819,,,,,,,,,
IT1:29_7_DF_DCIS_POPSTRRES1_23(1.0),A,IT,JAN,2,Y34,2021,56877,,,,,,,,,
IT1:29_7_DF_DCIS_POPSTRRES1_23(1.0),A,IT,JAN,2,Y34,2022,55263,,,,,,,,,
IT1:29_7_DF_DCIS_POPSTRRES1_23(1.0),A,IT,JAN,2,Y35,2019,56846,,,,,,,,,
IT1:29_7_DF_DCIS_POPSTRRES1_23(1.0),A,IT,JAN,2,Y35,2020,57244,,,,,,,,,
IT1:29_7_DF_DCIS_POPSTRRES1_23(1.0),A,IT,JAN,2,Y35,2021,56131,,,,,,,,,
IT1:29_7_DF_DCIS_POPSTRRES1_23(1.0),A,IT,JAN,2,Y35,2022,55372,,,,,,,,,
IT1:29_7_DF_DCIS_POPSTRRES1_23(1.0),A,IT,JAN,2,Y36,2019,58463,,,,,,,,,
IT1:29_7_DF_DCIS_POPSTRRES1_23(1.0),A,IT,JAN,2,Y36,2020,56501,,,,,,,,,
IT1:29_7_DF_DCIS_POPSTRRES1_23(1.0),A,IT,JAN,2,Y36,2021,56705,,,,,,,,,
IT1:29_7_DF_DCIS_POPSTRRES1_23(1.0),A,IT,JAN,2,Y36,2022,54570,,,,,,,,,
IT1:29_7_DF_DCIS_POPSTRRES1_23(1.0),A,IT,JAN,2,Y37,2019,57836,,,,,,,,,
IT1:29_7_DF_DCIS_POPSTRRES1_23(1.0),A,IT,JAN,2,Y37,2020,58057,,,,,,,,,
IT1:29_7_DF_DCIS_POPSTRRES1_23(1.0),A,IT,JAN,2,Y37,2021,55857,,,,,,,,,
IT1:29_7_DF_DCIS_POPSTRRES1_23(1.0),A,IT,JAN,2,Y37,2022,55133,,,,,,,,,
IT1:29_7_DF_DCIS_POPSTRRES1_23(1.0),A,IT,JAN,2,Y38,2019,58767,,,,,,,,,
IT1:29_7_DF_DCIS_POPSTRRES1_23(1.0),A,IT,JAN,2,Y38,2020,57204,,,,,,,,,
IT1:29_7_DF_DCIS_POPSTRRES1_23(1.0),A,IT,JAN,2,Y38,2021,57478,,,,,,,,,
IT1:29_7_DF_DCIS_POPSTRRES1_23(1.0),A,IT,JAN,2,Y38,2022,54097,,,,,,,,,
IT1:29_7_DF_DCIS_POPSTRRES1_23(1.0),A,IT,JAN,2,Y39,2019,58324,,,,,,,,,
IT1:29_7_DF_DCIS_POPSTRRES1_23(1.0),A,IT,JAN,2,Y39,2020,58084,,,,,,,,,
IT1:29_7_DF_DCIS_POPSTRRES1_23(1.0),A,IT,JAN,2,Y39,2021,56587,,,,,,,,,
IT1:29_7_DF_DCIS_POPSTRRES1_23(1.0),A,IT,JAN,2,Y39,2022,55495,,,,,,,,,
IT1:29_7_DF_DCIS_POPSTRRES1_23(1.0),A,IT,JAN,2,Y4,2019,31816,,,,,,,,,
IT1:29_7_DF_DCIS_POPSTRRES1_23(1.0),A,IT,JAN,2,Y4,2020,31289,,,,,,,,,
IT1:29_7_DF_DCIS_POPSTRRES1_23(1.0),A,IT,JAN,2,Y4,2021,32649,,,,,,,,,
IT1:29_7_DF_DCIS_POPSTRRES1_23(1.0),A,IT,JAN,2,Y4,2022,31994,,,,,,,,,
IT1:29_7_DF_DCIS_POPSTRRES1_23(1.0),A,IT,JAN,2,Y40,2019,57101,,,,,,,,,
IT1:29_7_DF_DCIS_POPSTRRES1_23(1.0),A,IT,JAN,2,Y40,2020,57609,,,,,,,,,
IT1:29_7_DF_DCIS_POPSTRRES1_23(1.0),A,IT,JAN,2,Y40,2021,57338,,,,,,,,,
IT1:29_7_DF_DCIS_POPSTRRES1_23(1.0),A,IT,JAN,2,Y40,2022,54586,,,,,,,,,
IT1:29_7_DF_DCIS_POPSTRRES1_23(1.0),A,IT,JAN,2,Y41,2019,55590,,,,,,,,,
IT1:29_7_DF_DCIS_POPSTRRES1_23(1.0),A,IT,JAN,2,Y41,2020,56315,,,,,,,,,
IT1:29_7_DF_DCIS_POPSTRRES1_23(1.0),A,IT,JAN,2,Y41,2021,57080,,,,,,,,,
IT1:29_7_DF_DCIS_POPSTRRES1_23(1.0),A,IT,JAN,2,Y41,2022,55379,,,,,,,,,
IT1:29_7_DF_DCIS_POPSTRRES1_23(1.0),A,IT,JAN,2,Y42,2019,54876,,,,,,,,,
IT1:29_7_DF_DCIS_POPSTRRES1_23(1.0),A,IT,JAN,2,Y42,2020,54918,,,,,,,,,
IT1:29_7_DF_DCIS_POPSTRRES1_23(1.0),A,IT,JAN,2,Y42,2021,55908,,,,,,,,,
IT1:29_7_DF_DCIS_POPSTRRES1_23(1.0),A,IT,JAN,2,Y42,2022,55128,,,,,,,,,
IT1:29_7_DF_DCIS_POPSTRRES1_23(1.0),A,IT,JAN,2,Y43,2019,53358,,,,,,,,,
IT1:29_7_DF_DCIS_POPSTRRES1_23(1.0),A,IT,JAN,2,Y43,2020,54121,,,,,,,,,
IT1:29_7_DF_DCIS_POPSTRRES1_23(1.0),A,IT,JAN,2,Y43,2021,54753,,,,,,,,,
IT1:29_7_DF_DCIS_POPSTRRES1_23(1.0),A,IT,JAN,2,Y43,2022,54008,,,,,,,,,
IT1:29_7_DF_DCIS_POPSTRRES1_23(1.0),A,IT,JAN,2,Y44,2019,51927,,,,,,,,,
IT1:29_7_DF_DCIS_POPSTRRES1_23(1.0),A,IT,JAN,2,Y44,2020,52749,,,,,,,,,
IT1:29_7_DF_DCIS_POPSTRRES1_23(1.0),A,IT,JAN,2,Y44,2021,54000,,,,,,,,,
IT1:29_7_DF_DCIS_POPSTRRES1_23(1.0),A,IT,JAN,2,Y44,2022,53000,,,,,,,,,
IT1:29_7_DF_DCIS_POPSTRRES1_23(1.0),A,IT,JAN,2,Y45,2019,48755,,,,,,,,,
IT1:29_7_DF_DCIS_POPSTRRES1_23(1.0),A,IT,JAN,2,Y45,2020,51279,,,,,,,,,
IT1:29_7_DF_DCIS_POPSTRRES1_23(1.0),A,IT,JAN,2,Y45,2021,52778,,,,,,,,,
IT1:29_7_DF_DCIS_POPSTRRES1_23(1.0),A,IT,JAN,2,Y45,2022,52000,,,,,,,,,
IT1:29_7_DF_DCIS_POPSTRRES1_23(1.0),A,IT,JAN,2,Y46,2019,48660,,,,,,,,,
IT1:29_7_DF_DCIS_POPSTRRES1_23(1.0),A,IT,JAN,2,Y46,2020,48230,,,,,,,,,
IT1:29_7_DF_DCIS_POPSTRRES1_23(1.0),A,IT,JAN,2,Y46,2021,51382,,,,,,,,,
IT1:29_7_DF_DCIS_POPSTRRES1_23(1.0),A,IT,JAN,2,Y46,2022,50926,,,,,,,,,
IT1:29_7_DF_DCIS_POPSTRRES1_23(1.0),A,IT,JAN,2,Y47,2019,47256,,,,,,,,,
IT1:29_7_DF_DCIS_POPSTRRES1_23(1.0),A,IT,JAN,2,Y47,2020,47960,,,,,,,,,
IT1:29_7_DF_DCIS_POPSTRRES1_23(1.0),A,IT,JAN,2,Y47,2021,48525,,,,,,,,,
IT1:29_7_DF_DCIS_POPSTRRES1_23(1.0),A,IT,JAN,2,Y47,2022,49427,,,,,,,,,
IT1:29_7_DF_DCIS_POPSTRRES1_23(1.0),A,IT,JAN,2,Y48,2019,46868,,,,,,,,,
IT1:29_7_DF_DCIS_POPSTRRES1_23(1.0),A,IT,JAN,2,Y48,2020,46680,,,,,,,,,
IT1:29_7_DF_DCIS_POPSTRRES1_23(1.0),A,IT,JAN,2,Y48,2021,48352,,,,,,,,,
IT1:29_7_DF_DCIS_POPSTRRES1_23(1.0),A,IT,JAN,2,Y48,2022,46776,,,,,,,,,
IT1:29_7_DF_DCIS_POPSTRRES1_23(1.0),A,IT,JAN,2,Y49,2019,46515,,,,,,,,,
IT1:29_7_DF_DCIS_POPSTRRES1_23(1.0),A,IT,JAN,2,Y49,2020,46443,,,,,,,,,
IT1:29_7_DF_DCIS_POPSTRRES1_23(1.0),A,IT,JAN,2,Y49,2021,46924,,,,,,,,,
IT1:29_7_DF_DCIS_POPSTRRES1_23(1.0),A,IT,JAN,2,Y49,2022,46563,,,,,,,,,
IT1:29_7_DF_DCIS_POPSTRRES1_23(1.0),A,IT,JAN,2,Y5,2019,31346,,,,,,,,,
IT1:29_7_DF_DCIS_POPSTRRES1_23(1.0),A,IT,JAN,2,Y5,2020,31567,,,,,,,,,
IT1:29_7_DF_DCIS_POPSTRRES1_23(1.0),A,IT,JAN,2,Y5,2021,32782,,,,,,,,,
IT1:29_7_DF_DCIS_POPSTRRES1_23(1.0),A,IT,JAN,2,Y5,2022,31446,,,,,,,,,
IT1:29_7_DF_DCIS_POPSTRRES1_23(1.0),A,IT,JAN,2,Y50,2019,47371,,,,,,,,,
IT1:29_7_DF_DCIS_POPSTRRES1_23(1.0),A,IT,JAN,2,Y50,2020,45951,,,,,,,,,
IT1:29_7_DF_DCIS_POPSTRRES1_23(1.0),A,IT,JAN,2,Y50,2021,46643,,,,,,,,,
IT1:29_7_DF_DCIS_POPSTRRES1_23(1.0),A,IT,JAN,2,Y50,2022,45107,,,,,,,,,
IT1:29_7_DF_DCIS_POPSTRRES1_23(1.0),A,IT,JAN,2,Y51,2019,45276,,,,,,,,,
IT1:29_7_DF_DCIS_POPSTRRES1_23(1.0),A,IT,JAN,2,Y51,2020,46863,,,,,,,,,
IT1:29_7_DF_DCIS_POPSTRRES1_23(1.0),A,IT,JAN,2,Y51,2021,45994,,,,,,,,,
IT1:29_7_DF_DCIS_POPSTRRES1_23(1.0),A,IT,JAN,2,Y51,2022,44956,,,,,,,,,
IT1:29_7_DF_DCIS_POPSTRRES1_23(1.0),A,IT,JAN,2,Y52,2019,37219,,,,,,,,,
IT1:29_7_DF_DCIS_POPSTRRES1_23(1.0),A,IT,JAN,2,Y52,2020,44708,,,,,,,,,
IT1:29_7_DF_DCIS_POPSTRRES1_23(1.0),A,IT,JAN,2,Y52,2021,46618,,,,,,,,,
IT1:29_7_DF_DCIS_POPSTRRES1_23(1.0),A,IT,JAN,2,Y52,2022,44250,,,,,,,,,
IT1:29_7_DF_DCIS_POPSTRRES1_23(1.0),A,IT,JAN,2,Y53,2019,36103,,,,,,,,,
IT1:29_7_DF_DCIS_POPSTRRES1_23(1.0),A,IT,JAN,2,Y53,2020,36862,,,,,,,,,
IT1:29_7_DF_DCIS_POPSTRRES1_23(1.0),A,IT,JAN,2,Y53,2021,44396,,,,,,,,,
IT1:29_7_DF_DCIS_POPSTRRES1_23(1.0),A,IT,JAN,2,Y53,2022,44860,,,,,,,,,
IT1:29_7_DF_DCIS_POPSTRRES1_23(1.0),A,IT,JAN,2,Y54,2019,36135,,,,,,,,,
IT1:29_7_DF_DCIS_POPSTRRES1_23(1.0),A,IT,JAN,2,Y54,2020,35730,,,,,,,,,
IT1:29_7_DF_DCIS_POPSTRRES1_23(1.0),A,IT,JAN,2,Y54,2021,36892,,,,,,,,,
IT1:29_7_DF_DCIS_POPSTRRES1_23(1.0),A,IT,JAN,2,Y54,2022,42635,,,,,,,,,
IT1:29_7_DF_DCIS_POPSTRRES1_23(1.0),A,IT,JAN,2,Y55,2019,35275,,,,,,,,,
IT1:29_7_DF_DCIS_POPSTRRES1_23(1.0),A,IT,JAN,2,Y55,2020,35921,,,,,,,,,
IT1:29_7_DF_DCIS_POPSTRRES1_23(1.0),A,IT,JAN,2,Y55,2021,35699,,,,,,,,,
IT1:29_7_DF_DCIS_POPSTRRES1_23(1.0),A,IT,JAN,2,Y55,2022,35352,,,,,,,,,
IT1:29_7_DF_DCIS_POPSTRRES1_23(1.0),A,IT,JAN,2,Y56,2019,34233,,,,,,,,,
IT1:29_7_DF_DCIS_POPSTRRES1_23(1.0),A,IT,JAN,2,Y56,2020,34946,,,,,,,,,
IT1:29_7_DF_DCIS_POPSTRRES1_23(1.0),A,IT,JAN,2,Y56,2021,35703,,,,,,,,,
IT1:29_7_DF_DCIS_POPSTRRES1_23(1.0),A,IT,JAN,2,Y56,2022,34145,,,,,,,,,
IT1:29_7_DF_DCIS_POPSTRRES1_23(1.0),A,IT,JAN,2,Y57,2019,33125,,,,,,,,,
IT1:29_7_DF_DCIS_POPSTRRES1_23(1.0),A,IT,JAN,2,Y57,2020,33983,,,,,,,,,
IT1:29_7_DF_DCIS_POPSTRRES1_23(1.0),A,IT,JAN,2,Y57,2021,34825,,,,,,,,,
IT1:29_7_DF_DCIS_POPSTRRES1_23(1.0),A,IT,JAN,2,Y57,2022,34177,,,,,,,,,
IT1:29_7_DF_DCIS_POPSTRRES1_23(1.0),A,IT,JAN,2,Y58,2019,33037,,,,,,,,,
IT1:29_7_DF_DCIS_POPSTRRES1_23(1.0),A,IT,JAN,2,Y58,2020,32855,,,,,,,,,
IT1:29_7_DF_DCIS_POPSTRRES1_23(1.0),A,IT,JAN,2,Y58,2021,33659,,,,,,,,,
IT1:29_7_DF_DCIS_POPSTRRES1_23(1.0),A,IT,JAN,2,Y58,2022,33136,,,,,,,,,
IT1:29_7_DF_DCIS_POPSTRRES1_23(1.0),A,IT,JAN,2,Y59,2019,30481,,,,,,,,,
IT1:29_7_DF_DCIS_POPSTRRES1_23(1.0),A,IT,JAN,2,Y59,2020,32731,,,,,,,,,
IT1:29_7_DF_DCIS_POPSTRRES1_23(1.0),A,IT,JAN,2,Y59,2021,32325,,,,,,,,,
IT1:29_7_DF_DCIS_POPSTRRES1_23(1.0),A,IT,JAN,2,Y59,2022,31893,,,,,,,,,
IT1:29_7_DF_DCIS_POPSTRRES1_23(1.0),A,IT,JAN,2,Y6,2019,31319,,,,,,,,,
IT1:29_7_DF_DCIS_POPSTRRES1_23(1.0),A,IT,JAN,2,Y6,2020,30883,,,,,,,,,
IT1:29_7_DF_DCIS_POPSTRRES1_23(1.0),A,IT,JAN,2,Y6,2021,31339,,,,,,,,,
IT1:29_7_DF_DCIS_POPSTRRES1_23(1.0),A,IT,JAN,2,Y6,2022,31273,,,,,,,,,
IT1:29_7_DF_DCIS_POPSTRRES1_23(1.0),A,IT,JAN,2,Y60,2019,29079,,,,,,,,,
IT1:29_7_DF_DCIS_POPSTRRES1_23(1.0),A,IT,JAN,2,Y60,2020,30158,,,,,,,,,
IT1:29_7_DF_DCIS_POPSTRRES1_23(1.0),A,IT,JAN,2,Y60,2021,32012,,,,,,,,,
IT1:29_7_DF_DCIS_POPSTRRES1_23(1.0),A,IT,JAN,2,Y60,2022,30364,,,,,,,,,
IT1:29_7_DF_DCIS_POPSTRRES1_23(1.0),A,IT,JAN,2,Y61,2019,26519,,,,,,,,,
IT1:29_7_DF_DCIS_POPSTRRES1_23(1.0),A,IT,JAN,2,Y61,2020,28875,,,,,,,,,
IT1:29_7_DF_DCIS_POPSTRRES1_23(1.0),A,IT,JAN,2,Y61,2021,29279,,,,,,,,,
IT1:29_7_DF_DCIS_POPSTRRES1_23(1.0),A,IT,JAN,2,Y61,2022,29903,,,,,,,,,
IT1:29_7_DF_DCIS_POPSTRRES1_23(1.0),A,IT,JAN,2,Y62,2019,24315,,,,,,,,,
IT1:29_7_DF_DCIS_POPSTRRES1_23(1.0),A,IT,JAN,2,Y62,2020,26212,,,,,,,,,
IT1:29_7_DF_DCIS_POPSTRRES1_23(1.0),A,IT,JAN,2,Y62,2021,27596,,,,,,,,,
IT1:29_7_DF_DCIS_POPSTRRES1_23(1.0),A,IT,JAN,2,Y62,2022,27017,,,,,,,,,
IT1:29_7_DF_DCIS_POPSTRRES1_23(1.0),A,IT,JAN,2,Y63,2019,22204,,,,,,,,,
IT1:29_7_DF_DCIS_POPSTRRES1_23(1.0),A,IT,JAN,2,Y63,2020,24078,,,,,,,,,
IT1:29_7_DF_DCIS_POPSTRRES1_23(1.0),A,IT,JAN,2,Y63,2021,25017,,,,,,,,,
IT1:29_7_DF_DCIS_POPSTRRES1_23(1.0),A,IT,JAN,2,Y63,2022,25361,,,,,,,,,
IT1:29_7_DF_DCIS_POPSTRRES1_23(1.0),A,IT,JAN,2,Y64,2019,20001,,,,,,,,,
IT1:29_7_DF_DCIS_POPSTRRES1_23(1.0),A,IT,JAN,2,Y64,2020,22075,,,,,,,,,
IT1:29_7_DF_DCIS_POPSTRRES1_23(1.0),A,IT,JAN,2,Y64,2021,22894,,,,,,,,,
IT1:29_7_DF_DCIS_POPSTRRES1_23(1.0),A,IT,JAN,2,Y64,2022,22938,,,,,,,,,
IT1:29_7_DF_DCIS_POPSTRRES1_23(1.0),A,IT,JAN,2,Y65,2019,17552,,,,,,,,,
IT1:29_7_DF_DCIS_POPSTRRES1_23(1.0),A,IT,JAN,2,Y65,2020,19854,,,,,,,,,
IT1:29_7_DF_DCIS_POPSTRRES1_23(1.0),A,IT,JAN,2,Y65,2021,20822,,,,,,,,,
IT1:29_7_DF_DCIS_POPSTRRES1_23(1.0),A,IT,JAN,2,Y65,2022,20763,,,,,,,,,
IT1:29_7_DF_DCIS_POPSTRRES1_23(1.0),A,IT,JAN,2,Y66,2019,16106,,,,,,,,,
IT1:29_7_DF_DCIS_POPSTRRES1_23(1.0),A,IT,JAN,2,Y66,2020,17421,,,,,,,,,
IT1:29_7_DF_DCIS_POPSTRRES1_23(1.0),A,IT,JAN,2,Y66,2021,18597,,,,,,,,,
IT1:29_7_DF_DCIS_POPSTRRES1_23(1.0),A,IT,JAN,2,Y66,2022,18804,,,,,,,,,
IT1:29_7_DF_DCIS_POPSTRRES1_23(1.0),A,IT,JAN,2,Y67,2019,13859,,,,,,,,,
IT1:29_7_DF_DCIS_POPSTRRES1_23(1.0),A,IT,JAN,2,Y67,2020,15819,,,,,,,,,
IT1:29_7_DF_DCIS_POPSTRRES1_23(1.0),A,IT,JAN,2,Y67,2021,16057,,,,,,,,,
IT1:29_7_DF_DCIS_POPSTRRES1_23(1.0),A,IT,JAN,2,Y67,2022,16424,,,,,,,,,
IT1:29_7_DF_DCIS_POPSTRRES1_23(1.0),A,IT,JAN,2,Y68,2019,13224,,,,,,,,,
IT1:29_7_DF_DCIS_POPSTRRES1_23(1.0),A,IT,JAN,2,Y68,2020,13660,,,,,,,,,
IT1:29_7_DF_DCIS_POPSTRRES1_23(1.0),A,IT,JAN,2,Y68,2021,14462,,,,,,,,,
IT1:29_7_DF_DCIS_POPSTRRES1_23(1.0),A,IT,JAN,2,Y68,2022,14172,,,,,,,,,
IT1:29_7_DF_DCIS_POPSTRRES1_23(1.0),A,IT,JAN,2,Y69,2019,11536,,,,,,,,,
IT1:29_7_DF_DCIS_POPSTRRES1_23(1.0),A,IT,JAN,2,Y69,2020,13013,,,,,,,,,
IT1:29_7_DF_DCIS_POPSTRRES1_23(1.0),A,IT,JAN,2,Y69,2021,12409,,,,,,,,,
IT1:29_7_DF_DCIS_POPSTRRES1_23(1.0),A,IT,JAN,2,Y69,2022,12808,,,,,,,,,
IT1:29_7_DF_DCIS_POPSTRRES1_23(1.0),A,IT,JAN,2,Y7,2019,29686,,,,,,,,,
IT1:29_7_DF_DCIS_POPSTRRES1_23(1.0),A,IT,JAN,2,Y7,2020,30808,,,,,,,,,
IT1:29_7_DF_DCIS_POPSTRRES1_23(1.0),A,IT,JAN,2,Y7,2021,30620,,,,,,,,,
IT1:29_7_DF_DCIS_POPSTRRES1_23(1.0),A,IT,JAN,2,Y7,2022,31347,,,,,,,,,
IT1:29_7_DF_DCIS_POPSTRRES1_23(1.0),A,IT,JAN,2,Y70,2019,9893,,,,,,,,,
IT1:29_7_DF_DCIS_POPSTRRES1_23(1.0),A,IT,JAN,2,Y70,2020,11333,,,,,,,,,
IT1:29_7_DF_DCIS_POPSTRRES1_23(1.0),A,IT,JAN,2,Y70,2021,11885,,,,,,,,,
IT1:29_7_DF_DCIS_POPSTRRES1_23(1.0),A,IT,JAN,2,Y70,2022,10921,,,,,,,,,
IT1:29_7_DF_DCIS_POPSTRRES1_23(1.0),A,IT,JAN,2,Y71,2019,8168,,,,,,,,,
IT1:29_7_DF_DCIS_POPSTRRES1_23(1.0),A,IT,JAN,2,Y71,2020,9751,,,,,,,,,
IT1:29_7_DF_DCIS_POPSTRRES1_23(1.0),A,IT,JAN,2,Y71,2021,10221,,,,,,,,,
IT1:29_7_DF_DCIS_POPSTRRES1_23(1.0),A,IT,JAN,2,Y71,2022,10425,,,,,,,,,
IT1:29_7_DF_DCIS_POPSTRRES1_23(1.0),A,IT,JAN,2,Y72,2019,6857,,,,,,,,,
IT1:29_7_DF_DCIS_POPSTRRES1_23(1.0),A,IT,JAN,2,Y72,2020,8108,,,,,,,,,
IT1:29_7_DF_DCIS_POPSTRRES1_23(1.0),A,IT,JAN,2,Y72,2021,8704,,,,,,,,,
IT1:29_7_DF_DCIS_POPSTRRES1_23(1.0),A,IT,JAN,2,Y72,2022,8891,,,,,,,,,
IT1:29_7_DF_DCIS_POPSTRRES1_23(1.0),A,IT,JAN,2,Y73,2019,5547,,,,,,,,,
IT1:29_7_DF_DCIS_POPSTRRES1_23(1.0),A,IT,JAN,2,Y73,2020,6769,,,,,,,,,
IT1:29_7_DF_DCIS_POPSTRRES1_23(1.0),A,IT,JAN,2,Y73,2021,7311,,,,,,,,,
IT1:29_7_DF_DCIS_POPSTRRES1_23(1.0),A,IT,JAN,2,Y73,2022,7613,,,,,,,,,
IT1:29_7_DF_DCIS_POPSTRRES1_23(1.0),A,IT,JAN,2,Y74,2019,5119,,,,,,,,,
IT1:29_7_DF_DCIS_POPSTRRES1_23(1.0),A,IT,JAN,2,Y74,2020,5467,,,,,,,,,
IT1:29_7_DF_DCIS_POPSTRRES1_23(1.0),A,IT,JAN,2,Y74,2021,6072,,,,,,,,,
IT1:29_7_DF_DCIS_POPSTRRES1_23(1.0),A,IT,JAN,2,Y74,2022,6385,,,,,,,,,
IT1:29_7_DF_DCIS_POPSTRRES1_23(1.0),A,IT,JAN,2,Y75,2019,4666,,,,,,,,,
IT1:29_7_DF_DCIS_POPSTRRES1_23(1.0),A,IT,JAN,2,Y75,2020,5038,,,,,,,,,
IT1:29_7_DF_DCIS_POPSTRRES1_23(1.0),A,IT,JAN,2,Y75,2021,4864,,,,,,,,,
IT1:29_7_DF_DCIS_POPSTRRES1_23(1.0),A,IT,JAN,2,Y75,2022,5249,,,,,,,,,
IT1:29_7_DF_DCIS_POPSTRRES1_23(1.0),A,IT,JAN,2,Y76,2019,4703,,,,,,,,,
IT1:29_7_DF_DCIS_POPSTRRES1_23(1.0),A,IT,JAN,2,Y76,2020,4616,,,,,,,,,
IT1:29_7_DF_DCIS_POPSTRRES1_23(1.0),A,IT,JAN,2,Y76,2021,4482,,,,,,,,,
IT1:29_7_DF_DCIS_POPSTRRES1_23(1.0),A,IT,JAN,2,Y76,2022,4208,,,,,,,,,
IT1:29_7_DF_DCIS_POPSTRRES1_23(1.0),A,IT,JAN,2,Y77,2019,3700,,,,,,,,,
IT1:29_7_DF_DCIS_POPSTRRES1_23(1.0),A,IT,JAN,2,Y77,2020,4582,,,,,,,,,
IT1:29_7_DF_DCIS_POPSTRRES1_23(1.0),A,IT,JAN,2,Y77,2021,4080,,,,,,,,,
IT1:29_7_DF_DCIS_POPSTRRES1_23(1.0),A,IT,JAN,2,Y77,2022,3898,,,,,,,,,
IT1:29_7_DF_DCIS_POPSTRRES1_23(1.0),A,IT,JAN,2,Y78,2019,4077,,,,,,,,,
IT1:29_7_DF_DCIS_POPSTRRES1_23(1.0),A,IT,JAN,2,Y78,2020,3606,,,,,,,,,
IT1:29_7_DF_DCIS_POPSTRRES1_23(1.0),A,IT,JAN,2,Y78,2021,4070,,,,,,,,,
IT1:29_7_DF_DCIS_POPSTRRES1_23(1.0),A,IT,JAN,2,Y78,2022,3576,,,,,,,,,
IT1:29_7_DF_DCIS_POPSTRRES1_23(1.0),A,IT,JAN,2,Y79,2019,3162,,,,,,,,,
IT1:29_7_DF_DCIS_POPSTRRES1_23(1.0),A,IT,JAN,2,Y79,2020,3991,,,,,,,,,
IT1:29_7_DF_DCIS_POPSTRRES1_23(1.0),A,IT,JAN,2,Y79,2021,3164,,,,,,,,,
IT1:29_7_DF_DCIS_POPSTRRES1_23(1.0),A,IT,JAN,2,Y79,2022,3527,,,,,,,,,
IT1:29_7_DF_DCIS_POPSTRRES1_23(1.0),A,IT,JAN,2,Y8,2019,28877,,,,,,,,,
IT1:29_7_DF_DCIS_POPSTRRES1_23(1.0),A,IT,JAN,2,Y8,2020,29118,,,,,,,,,
IT1:29_7_DF_DCIS_POPSTRRES1_23(1.0),A,IT,JAN,2,Y8,2021,30166,,,,,,,,,
IT1:29_7_DF_DCIS_POPSTRRES1_23(1.0),A,IT,JAN,2,Y8,2022,30269,,,,,,,,,
IT1:29_7_DF_DCIS_POPSTRRES1_23(1.0),A,IT,JAN,2,Y80,2019,2905,,,,,,,,,
IT1:29_7_DF_DCIS_POPSTRRES1_23(1.0),A,IT,JAN,2,Y80,2020,3096,,,,,,,,,
IT1:29_7_DF_DCIS_POPSTRRES1_23(1.0),A,IT,JAN,2,Y80,2021,3483,,,,,,,,,
IT1:29_7_DF_DCIS_POPSTRRES1_23(1.0),A,IT,JAN,2,Y80,2022,2714,,,,,,,,,
IT1:29_7_DF_DCIS_POPSTRRES1_23(1.0),A,IT,JAN,2,Y81,2019,2517,,,,,,,,,
IT1:29_7_DF_DCIS_POPSTRRES1_23(1.0),A,IT,JAN,2,Y81,2020,2853,,,,,,,,,
IT1:29_7_DF_DCIS_POPSTRRES1_23(1.0),A,IT,JAN,2,Y81,2021,2651,,,,,,,,,
IT1:29_7_DF_DCIS_POPSTRRES1_23(1.0),A,IT,JAN,2,Y81,2022,2946,,,,,,,,,
IT1:29_7_DF_DCIS_POPSTRRES1_23(1.0),A,IT,JAN,2,Y82,2019,2138,,,,,,,,,
IT1:29_7_DF_DCIS_POPSTRRES1_23(1.0),A,IT,JAN,2,Y82,2020,2431,,,,,,,,,
IT1:29_7_DF_DCIS_POPSTRRES1_23(1.0),A,IT,JAN,2,Y82,2021,2493,,,,,,,,,
IT1:29_7_DF_DCIS_POPSTRRES1_23(1.0),A,IT,JAN,2,Y82,2022,2257,,,,,,,,,
IT1:29_7_DF_DCIS_POPSTRRES1_23(1.0),A,IT,JAN,2,Y83,2019,1746,,,,,,,,,
IT1:29_7_DF_DCIS_POPSTRRES1_23(1.0),A,IT,JAN,2,Y83,2020,2069,,,,,,,,,
IT1:29_7_DF_DCIS_POPSTRRES1_23(1.0),A,IT,JAN,2,Y83,2021,2066,,,,,,,,,
IT1:29_7_DF_DCIS_POPSTRRES1_23(1.0),A,IT,JAN,2,Y83,2022,2065,,,,,,,,,
IT1:29_7_DF_DCIS_POPSTRRES1_23(1.0),A,IT,JAN,2,Y84,2019,1483,,,,,,,,,
IT1:29_7_DF_DCIS_POPSTRRES1_23(1.0),A,IT,JAN,2,Y84,2020,1663,,,,,,,,,
IT1:29_7_DF_DCIS_POPSTRRES1_23(1.0),A,IT,JAN,2,Y84,2021,1760,,,,,,,,,
IT1:29_7_DF_DCIS_POPSTRRES1_23(1.0),A,IT,JAN,2,Y84,2022,1702,,,,,,,,,
IT1:29_7_DF_DCIS_POPSTRRES1_23(1.0),A,IT,JAN,2,Y85,2019,1184,,,,,,,,,
IT1:29_7_DF_DCIS_POPSTRRES1_23(1.0),A,IT,JAN,2,Y85,2020,1428,,,,,,,,,
IT1:29_7_DF_DCIS_POPSTRRES1_23(1.0),A,IT,JAN,2,Y85,2021,1409,,,,,,,,,
IT1:29_7_DF_DCIS_POPSTRRES1_23(1.0),A,IT,JAN,2,Y85,2022,1442,,,,,,,,,
IT1:29_7_DF_DCIS_POPSTRRES1_23(1.0),A,IT,JAN,2,Y86,2019,1105,,,,,,,,,
IT1:29_7_DF_DCIS_POPSTRRES1_23(1.0),A,IT,JAN,2,Y86,2020,1165,,,,,,,,,
IT1:29_7_DF_DCIS_POPSTRRES1_23(1.0),A,IT,JAN,2,Y86,2021,1168,,,,,,,,,
IT1:29_7_DF_DCIS_POPSTRRES1_23(1.0),A,IT,JAN,2,Y86,2022,1125,,,,,,,,,
IT1:29_7_DF_DCIS_POPSTRRES1_23(1.0),A,IT,JAN,2,Y87,2019,772,,,,,,,,,
IT1:29_7_DF_DCIS_POPSTRRES1_23(1.0),A,IT,JAN,2,Y87,2020,1045,,,,,,,,,
IT1:29_7_DF_DCIS_POPSTRRES1_23(1.0),A,IT,JAN,2,Y87,2021,929,,,,,,,,,
IT1:29_7_DF_DCIS_POPSTRRES1_23(1.0),A,IT,JAN,2,Y87,2022,957,,,,,,,,,
IT1:29_7_DF_DCIS_POPSTRRES1_23(1.0),A,IT,JAN,2,Y88,2019,898,,,,,,,,,
IT1:29_7_DF_DCIS_POPSTRRES1_23(1.0),A,IT,JAN,2,Y88,2020,697,,,,,,,,,
IT1:29_7_DF_DCIS_POPSTRRES1_23(1.0),A,IT,JAN,2,Y88,2021,842,,,,,,,,,
IT1:29_7_DF_DCIS_POPSTRRES1_23(1.0),A,IT,JAN,2,Y88,2022,750,,,,,,,,,
IT1:29_7_DF_DCIS_POPSTRRES1_23(1.0),A,IT,JAN,2,Y89,2019,565,,,,,,,,,
IT1:29_7_DF_DCIS_POPSTRRES1_23(1.0),A,IT,JAN,2,Y89,2020,808,,,,,,,,,
IT1:29_7_DF_DCIS_POPSTRRES1_23(1.0),A,IT,JAN,2,Y89,2021,536,,,,,,,,,
IT1:29_7_DF_DCIS_POPSTRRES1_23(1.0),A,IT,JAN,2,Y89,2022,682,,,,,,,,,
IT1:29_7_DF_DCIS_POPSTRRES1_23(1.0),A,IT,JAN,2,Y9,2019,28578,,,,,,,,,
IT1:29_7_DF_DCIS_POPSTRRES1_23(1.0),A,IT,JAN,2,Y9,2020,28468,,,,,,,,,
IT1:29_7_DF_DCIS_POPSTRRES1_23(1.0),A,IT,JAN,2,Y9,2021,28394,,,,,,,,,
IT1:29_7_DF_DCIS_POPSTRRES1_23(1.0),A,IT,JAN,2,Y9,2022,30067,,,,,,,,,
IT1:29_7_DF_DCIS_POPSTRRES1_23(1.0),A,IT,JAN,2,Y90,2019,490,,,,,,,,,
IT1:29_7_DF_DCIS_POPSTRRES1_23(1.0),A,IT,JAN,2,Y90,2020,536,,,,,,,,,
IT1:29_7_DF_DCIS_POPSTRRES1_23(1.0),A,IT,JAN,2,Y90,2021,624,,,,,,,,,
IT1:29_7_DF_DCIS_POPSTRRES1_23(1.0),A,IT,JAN,2,Y90,2022,420,,,,,,,,,
IT1:29_7_DF_DCIS_POPSTRRES1_23(1.0),A,IT,JAN,2,Y91,2019,410,,,,,,,,,
IT1:29_7_DF_DCIS_POPSTRRES1_23(1.0),A,IT,JAN,2,Y91,2020,440,,,,,,,,,
IT1:29_7_DF_DCIS_POPSTRRES1_23(1.0),A,IT,JAN,2,Y91,2021,382,,,,,,,,,
IT1:29_7_DF_DCIS_POPSTRRES1_23(1.0),A,IT,JAN,2,Y91,2022,477,,,,,,,,,
IT1:29_7_DF_DCIS_POPSTRRES1_23(1.0),A,IT,JAN,2,Y92,2019,313,,,,,,,,,
IT1:29_7_DF_DCIS_POPSTRRES1_23(1.0),A,IT,JAN,2,Y92,2020,375,,,,,,,,,
IT1:29_7_DF_DCIS_POPSTRRES1_23(1.0),A,IT,JAN,2,Y92,2021,325,,,,,,,,,
IT1:29_7_DF_DCIS_POPSTRRES1_23(1.0),A,IT,JAN,2,Y92,2022,318,,,,,,,,,
IT1:29_7_DF_DCIS_POPSTRRES1_23(1.0),A,IT,JAN,2,Y93,2019,283,,,,,,,,,
IT1:29_7_DF_DCIS_POPSTRRES1_23(1.0),A,IT,JAN,2,Y93,2020,280,,,,,,,,,
IT1:29_7_DF_DCIS_POPSTRRES1_23(1.0),A,IT,JAN,2,Y93,2021,278,,,,,,,,,
IT1:29_7_DF_DCIS_POPSTRRES1_23(1.0),A,IT,JAN,2,Y93,2022,234,,,,,,,,,
IT1:29_7_DF_DCIS_POPSTRRES1_23(1.0),A,IT,JAN,2,Y94,2019,190,,,,,,,,,
IT1:29_7_DF_DCIS_POPSTRRES1_23(1.0),A,IT,JAN,2,Y94,2020,237,,,,,,,,,
IT1:29_7_DF_DCIS_POPSTRRES1_23(1.0),A,IT,JAN,2,Y94,2021,190,,,,,,,,,
IT1:29_7_DF_DCIS_POPSTRRES1_23(1.0),A,IT,JAN,2,Y94,2022,217,,,,,,,,,
IT1:29_7_DF_DCIS_POPSTRRES1_23(1.0),A,IT,JAN,2,Y95,2019,178,,,,,,,,,
IT1:29_7_DF_DCIS_POPSTRRES1_23(1.0),A,IT,JAN,2,Y95,2020,162,,,,,,,,,
IT1:29_7_DF_DCIS_POPSTRRES1_23(1.0),A,IT,JAN,2,Y95,2021,159,,,,,,,,,
IT1:29_7_DF_DCIS_POPSTRRES1_23(1.0),A,IT,JAN,2,Y95,2022,146,,,,,,,,,
IT1:29_7_DF_DCIS_POPSTRRES1_23(1.0),A,IT,JAN,2,Y96,2019,123,,,,,,,,,
IT1:29_7_DF_DCIS_POPSTRRES1_23(1.0),A,IT,JAN,2,Y96,2020,152,,,,,,,,,
IT1:29_7_DF_DCIS_POPSTRRES1_23(1.0),A,IT,JAN,2,Y96,2021,114,,,,,,,,,
IT1:29_7_DF_DCIS_POPSTRRES1_23(1.0),A,IT,JAN,2,Y96,2022,114,,,,,,,,,
IT1:29_7_DF_DCIS_POPSTRRES1_23(1.0),A,IT,JAN,2,Y97,2019,79,,,,,,,,,
IT1:29_7_DF_DCIS_POPSTRRES1_23(1.0),A,IT,JAN,2,Y97,2020,99,,,,,,,,,
IT1:29_7_DF_DCIS_POPSTRRES1_23(1.0),A,IT,JAN,2,Y97,2021,92,,,,,,,,,
IT1:29_7_DF_DCIS_POPSTRRES1_23(1.0),A,IT,JAN,2,Y97,2022,93,,,,,,,,,
IT1:29_7_DF_DCIS_POPSTRRES1_23(1.0),A,IT,JAN,2,Y98,2019,95,,,,,,,,,
IT1:29_7_DF_DCIS_POPSTRRES1_23(1.0),A,IT,JAN,2,Y98,2020,63,,,,,,,,,
IT1:29_7_DF_DCIS_POPSTRRES1_23(1.0),A,IT,JAN,2,Y98,2021,75,,,,,,,,,
IT1:29_7_DF_DCIS_POPSTRRES1_23(1.0),A,IT,JAN,2,Y98,2022,100,,,,,,,,,
IT1:29_7_DF_DCIS_POPSTRRES1_23(1.0),A,IT,JAN,2,Y99,2019,42,,,,,,,,,
IT1:29_7_DF_DCIS_POPSTRRES1_23(1.0),A,IT,JAN,2,Y99,2020,71,,,,,,,,,
IT1:29_7_DF_DCIS_POPSTRRES1_23(1.0),A,IT,JAN,2,Y99,2021,51,,,,,,,,,
IT1:29_7_DF_DCIS_POPSTRRES1_23(1.0),A,IT,JAN,2,Y99,2022,63,,,,,,,,,
IT1:29_7_DF_DCIS_POPSTRRES1_23(1.0),A,IT,JAN,9,TOTAL,2019,4996158,,,,,,,,,
IT1:29_7_DF_DCIS_POPSTRRES1_23(1.0),A,IT,JAN,9,TOTAL,2020,5039637,,,,,,,,,
IT1:29_7_DF_DCIS_POPSTRRES1_23(1.0),A,IT,JAN,9,TOTAL,2021,5171894,,,,,,,,,
IT1:29_7_DF_DCIS_POPSTRRES1_23(1.0),A,IT,JAN,9,TOTAL,2022,5030716,,,,,,,,,
IT1:29_7_DF_DCIS_POPSTRRES1_23(1.0),A,IT,JAN,9,Y_GE100,2019,120,,,,,,,,,
IT1:29_7_DF_DCIS_POPSTRRES1_23(1.0),A,IT,JAN,9,Y_GE100,2020,138,,,,,,,,,
IT1:29_7_DF_DCIS_POPSTRRES1_23(1.0),A,IT,JAN,9,Y_GE100,2021,175,,,,,,,,,
IT1:29_7_DF_DCIS_POPSTRRES1_23(1.0),A,IT,JAN,9,Y_GE100,2022,194,,,,,,,,,
IT1:29_7_DF_DCIS_POPSTRRES1_23(1.0),A,IT,JAN,9,Y0,2019,61426,,,,,,,,,
IT1:29_7_DF_DCIS_POPSTRRES1_23(1.0),A,IT,JAN,9,Y0,2020,60284,,,,,,,,,
IT1:29_7_DF_DCIS_POPSTRRES1_23(1.0),A,IT,JAN,9,Y0,2021,60160,,,,,,,,,
IT1:29_7_DF_DCIS_POPSTRRES1_23(1.0),A,IT,JAN,9,Y0,2022,53782,,,,,,,,,
IT1:29_7_DF_DCIS_POPSTRRES1_23(1.0),A,IT,JAN,9,Y1,2019,65225,,,,,,,,,
IT1:29_7_DF_DCIS_POPSTRRES1_23(1.0),A,IT,JAN,9,Y1,2020,61494,,,,,,,,,
IT1:29_7_DF_DCIS_POPSTRRES1_23(1.0),A,IT,JAN,9,Y1,2021,60958,,,,,,,,,
IT1:29_7_DF_DCIS_POPSTRRES1_23(1.0),A,IT,JAN,9,Y1,2022,57812,,,,,,,,,
IT1:29_7_DF_DCIS_POPSTRRES1_23(1.0),A,IT,JAN,9,Y10,2019,55941,,,,,,,,,
IT1:29_7_DF_DCIS_POPSTRRES1_23(1.0),A,IT,JAN,9,Y10,2020,57856,,,,,,,,,
IT1:29_7_DF_DCIS_POPSTRRES1_23(1.0),A,IT,JAN,9,Y10,2021,57817,,,,,,,,,
IT1:29_7_DF_DCIS_POPSTRRES1_23(1.0),A,IT,JAN,9,Y10,2022,58667,,,,,,,,,
IT1:29_7_DF_DCIS_POPSTRRES1_23(1.0),A,IT,JAN,9,Y11,2019,52789,,,,,,,,,
IT1:29_7_DF_DCIS_POPSTRRES1_23(1.0),A,IT,JAN,9,Y11,2020,55133,,,,,,,,,
IT1:29_7_DF_DCIS_POPSTRRES1_23(1.0),A,IT,JAN,9,Y11,2021,56987,,,,,,,,,
IT1:29_7_DF_DCIS_POPSTRRES1_23(1.0),A,IT,JAN,9,Y11,2022,57491,,,,,,,,,
IT1:29_7_DF_DCIS_POPSTRRES1_23(1.0),A,IT,JAN,9,Y12,2019,50480,,,,,,,,,
IT1:29_7_DF_DCIS_POPSTRRES1_23(1.0),A,IT,JAN,9,Y12,2020,52308,,,,,,,,,
IT1:29_7_DF_DCIS_POPSTRRES1_23(1.0),A,IT,JAN,9,Y12,2021,54929,,,,,,,,,
IT1:29_7_DF_DCIS_POPSTRRES1_23(1.0),A,IT,JAN,9,Y12,2022,56474,,,,,,,,,
IT1:29_7_DF_DCIS_POPSTRRES1_23(1.0),A,IT,JAN,9,Y13,2019,46979,,,,,,,,,
IT1:29_7_DF_DCIS_POPSTRRES1_23(1.0),A,IT,JAN,9,Y13,2020,50191,,,,,,,,,
IT1:29_7_DF_DCIS_POPSTRRES1_23(1.0),A,IT,JAN,9,Y13,2021,52493,,,,,,,,,
IT1:29_7_DF_DCIS_POPSTRRES1_23(1.0),A,IT,JAN,9,Y13,2022,54679,,,,,,,,,
IT1:29_7_DF_DCIS_POPSTRRES1_23(1.0),A,IT,JAN,9,Y14,2019,45471,,,,,,,,,
IT1:29_7_DF_DCIS_POPSTRRES1_23(1.0),A,IT,JAN,9,Y14,2020,47065,,,,,,,,,
IT1:29_7_DF_DCIS_POPSTRRES1_23(1.0),A,IT,JAN,9,Y14,2021,50683,,,,,,,,,
IT1:29_7_DF_DCIS_POPSTRRES1_23(1.0),A,IT,JAN,9,Y14,2022,52442,,,,,,,,,
IT1:29_7_DF_DCIS_POPSTRRES1_23(1.0),A,IT,JAN,9,Y15,2019,42221,,,,,,,,,
IT1:29_7_DF_DCIS_POPSTRRES1_23(1.0),A,IT,JAN,9,Y15,2020,45852,,,,,,,,,
IT1:29_7_DF_DCIS_POPSTRRES1_23(1.0),A,IT,JAN,9,Y15,2021,48034,,,,,,,,,
IT1:29_7_DF_DCIS_POPSTRRES1_23(1.0),A,IT,JAN,9,Y15,2022,50795,,,,,,,,,
IT1:29_7_DF_DCIS_POPSTRRES1_23(1.0),A,IT,JAN,9,Y16,2019,42270,,,,,,,,,
IT1:29_7_DF_DCIS_POPSTRRES1_23(1.0),A,IT,JAN,9,Y16,2020,42910,,,,,,,,,
IT1:29_7_DF_DCIS_POPSTRRES1_23(1.0),A,IT,JAN,9,Y16,2021,46884,,,,,,,,,
IT1:29_7_DF_DCIS_POPSTRRES1_23(1.0),A,IT,JAN,9,Y16,2022,48278,,,,,,,,,
IT1:29_7_DF_DCIS_POPSTRRES1_23(1.0),A,IT,JAN,9,Y17,2019,44162,,,,,,,,,
IT1:29_7_DF_DCIS_POPSTRRES1_23(1.0),A,IT,JAN,9,Y17,2020,43331,,,,,,,,,
IT1:29_7_DF_DCIS_POPSTRRES1_23(1.0),A,IT,JAN,9,Y17,2021,44064,,,,,,,,,
IT1:29_7_DF_DCIS_POPSTRRES1_23(1.0),A,IT,JAN,9,Y17,2022,48174,,,,,,,,,
IT1:29_7_DF_DCIS_POPSTRRES1_23(1.0),A,IT,JAN,9,Y18,2019,46519,,,,,,,,,
IT1:29_7_DF_DCIS_POPSTRRES1_23(1.0),A,IT,JAN,9,Y18,2020,41644,,,,,,,,,
IT1:29_7_DF_DCIS_POPSTRRES1_23(1.0),A,IT,JAN,9,Y18,2021,40090,,,,,,,,,
IT1:29_7_DF_DCIS_POPSTRRES1_23(1.0),A,IT,JAN,9,Y18,2022,38817,,,,,,,,,
IT1:29_7_DF_DCIS_POPSTRRES1_23(1.0),A,IT,JAN,9,Y19,2019,52789,,,,,,,,,
IT1:29_7_DF_DCIS_POPSTRRES1_23(1.0),A,IT,JAN,9,Y19,2020,47140,,,,,,,,,
IT1:29_7_DF_DCIS_POPSTRRES1_23(1.0),A,IT,JAN,9,Y19,2021,44200,,,,,,,,,
IT1:29_7_DF_DCIS_POPSTRRES1_23(1.0),A,IT,JAN,9,Y19,2022,38289,,,,,,,,,
IT1:29_7_DF_DCIS_POPSTRRES1_23(1.0),A,IT,JAN,9,Y2,2019,65172,,,,,,,,,
IT1:29_7_DF_DCIS_POPSTRRES1_23(1.0),A,IT,JAN,9,Y2,2020,64827,,,,,,,,,
IT1:29_7_DF_DCIS_POPSTRRES1_23(1.0),A,IT,JAN,9,Y2,2021,63453,,,,,,,,,
IT1:29_7_DF_DCIS_POPSTRRES1_23(1.0),A,IT,JAN,9,Y2,2022,61000,,,,,,,,,
IT1:29_7_DF_DCIS_POPSTRRES1_23(1.0),A,IT,JAN,9,Y20,2019,61616,,,,,,,,,
IT1:29_7_DF_DCIS_POPSTRRES1_23(1.0),A,IT,JAN,9,Y20,2020,55302,,,,,,,,,
IT1:29_7_DF_DCIS_POPSTRRES1_23(1.0),A,IT,JAN,9,Y20,2021,54264,,,,,,,,,
IT1:29_7_DF_DCIS_POPSTRRES1_23(1.0),A,IT,JAN,9,Y20,2022,43974,,,,,,,,,
IT1:29_7_DF_DCIS_POPSTRRES1_23(1.0),A,IT,JAN,9,Y21,2019,63617,,,,,,,,,
IT1:29_7_DF_DCIS_POPSTRRES1_23(1.0),A,IT,JAN,9,Y21,2020,62936,,,,,,,,,
IT1:29_7_DF_DCIS_POPSTRRES1_23(1.0),A,IT,JAN,9,Y21,2021,64619,,,,,,,,,
IT1:29_7_DF_DCIS_POPSTRRES1_23(1.0),A,IT,JAN,9,Y21,2022,52610,,,,,,,,,
IT1:29_7_DF_DCIS_POPSTRRES1_23(1.0),A,IT,JAN,9,Y22,2019,65244,,,,,,,,,
IT1:29_7_DF_DCIS_POPSTRRES1_23(1.0),A,IT,JAN,9,Y22,2020,64671,,,,,,,,,
IT1:29_7_DF_DCIS_POPSTRRES1_23(1.0),A,IT,JAN,9,Y22,2021,72954,,,,,,,,,
IT1:29_7_DF_DCIS_POPSTRRES1_23(1.0),A,IT,JAN,9,Y22,2022,59577,,,,,,,,,
IT1:29_7_DF_DCIS_POPSTRRES1_23(1.0),A,IT,JAN,9,Y23,2019,67546,,,,,,,,,
IT1:29_7_DF_DCIS_POPSTRRES1_23(1.0),A,IT,JAN,9,Y23,2020,66619,,,,,,,,,
IT1:29_7_DF_DCIS_POPSTRRES1_23(1.0),A,IT,JAN,9,Y23,2021,74282,,,,,,,,,
IT1:29_7_DF_DCIS_POPSTRRES1_23(1.0),A,IT,JAN,9,Y23,2022,66408,,,,,,,,,
IT1:29_7_DF_DCIS_POPSTRRES1_23(1.0),A,IT,JAN,9,Y24,2019,70659,,,,,,,,,
IT1:29_7_DF_DCIS_POPSTRRES1_23(1.0),A,IT,JAN,9,Y24,2020,69534,,,,,,,,,
IT1:29_7_DF_DCIS_POPSTRRES1_23(1.0),A,IT,JAN,9,Y24,2021,76050,,,,,,,,,
IT1:29_7_DF_DCIS_POPSTRRES1_23(1.0),A,IT,JAN,9,Y24,2022,68821,,,,,,,,,
IT1:29_7_DF_DCIS_POPSTRRES1_23(1.0),A,IT,JAN,9,Y25,2019,72714,,,,,,,,,
IT1:29_7_DF_DCIS_POPSTRRES1_23(1.0),A,IT,JAN,9,Y25,2020,72937,,,,,,,,,
IT1:29_7_DF_DCIS_POPSTRRES1_23(1.0),A,IT,JAN,9,Y25,2021,78574,,,,,,,,,
IT1:29_7_DF_DCIS_POPSTRRES1_23(1.0),A,IT,JAN,9,Y25,2022,71650,,,,,,,,,
IT1:29_7_DF_DCIS_POPSTRRES1_23(1.0),A,IT,JAN,9,Y26,2019,80260,,,,,,,,,
IT1:29_7_DF_DCIS_POPSTRRES1_23(1.0),A,IT,JAN,9,Y26,2020,75235,,,,,,,,,
IT1:29_7_DF_DCIS_POPSTRRES1_23(1.0),A,IT,JAN,9,Y26,2021,81052,,,,,,,,,
IT1:29_7_DF_DCIS_POPSTRRES1_23(1.0),A,IT,JAN,9,Y26,2022,74950,,,,,,,,,
IT1:29_7_DF_DCIS_POPSTRRES1_23(1.0),A,IT,JAN,9,Y27,2019,82206,,,,,,,,,
IT1:29_7_DF_DCIS_POPSTRRES1_23(1.0),A,IT,JAN,9,Y27,2020,82846,,,,,,,,,
IT1:29_7_DF_DCIS_POPSTRRES1_23(1.0),A,IT,JAN,9,Y27,2021,82245,,,,,,,,,
IT1:29_7_DF_DCIS_POPSTRRES1_23(1.0),A,IT,JAN,9,Y27,2022,77970,,,,,,,,,
IT1:29_7_DF_DCIS_POPSTRRES1_23(1.0),A,IT,JAN,9,Y28,2019,92566,,,,,,,,,
IT1:29_7_DF_DCIS_POPSTRRES1_23(1.0),A,IT,JAN,9,Y28,2020,84655,,,,,,,,,
IT1:29_7_DF_DCIS_POPSTRRES1_23(1.0),A,IT,JAN,9,Y28,2021,89216,,,,,,,,,
IT1:29_7_DF_DCIS_POPSTRRES1_23(1.0),A,IT,JAN,9,Y28,2022,79640,,,,,,,,,
IT1:29_7_DF_DCIS_POPSTRRES1_23(1.0),A,IT,JAN,9,Y29,2019,98609,,,,,,,,,
IT1:29_7_DF_DCIS_POPSTRRES1_23(1.0),A,IT,JAN,9,Y29,2020,94455,,,,,,,,,
IT1:29_7_DF_DCIS_POPSTRRES1_23(1.0),A,IT,JAN,9,Y29,2021,89633,,,,,,,,,
IT1:29_7_DF_DCIS_POPSTRRES1_23(1.0),A,IT,JAN,9,Y29,2022,86396,,,,,,,,,
IT1:29_7_DF_DCIS_POPSTRRES1_23(1.0),A,IT,JAN,9,Y3,2019,64792,,,,,,,,,
IT1:29_7_DF_DCIS_POPSTRRES1_23(1.0),A,IT,JAN,9,Y3,2020,64814,,,,,,,,,
IT1:29_7_DF_DCIS_POPSTRRES1_23(1.0),A,IT,JAN,9,Y3,2021,67013,,,,,,,,,
IT1:29_7_DF_DCIS_POPSTRRES1_23(1.0),A,IT,JAN,9,Y3,2022,63063,,,,,,,,,
IT1:29_7_DF_DCIS_POPSTRRES1_23(1.0),A,IT,JAN,9,Y30,2019,106619,,,,,,,,,
IT1:29_7_DF_DCIS_POPSTRRES1_23(1.0),A,IT,JAN,9,Y30,2020,100204,,,,,,,,,
IT1:29_7_DF_DCIS_POPSTRRES1_23(1.0),A,IT,JAN,9,Y30,2021,98514,,,,,,,,,
IT1:29_7_DF_DCIS_POPSTRRES1_23(1.0),A,IT,JAN,9,Y30,2022,86855,,,,,,,,,
IT1:29_7_DF_DCIS_POPSTRRES1_23(1.0),A,IT,JAN,9,Y31,2019,111043,,,,,,,,,
IT1:29_7_DF_DCIS_POPSTRRES1_23(1.0),A,IT,JAN,9,Y31,2020,107778,,,,,,,,,
IT1:29_7_DF_DCIS_POPSTRRES1_23(1.0),A,IT,JAN,9,Y31,2021,103098,,,,,,,,,
IT1:29_7_DF_DCIS_POPSTRRES1_23(1.0),A,IT,JAN,9,Y31,2022,95555,,,,,,,,,
IT1:29_7_DF_DCIS_POPSTRRES1_23(1.0),A,IT,JAN,9,Y32,2019,112906,,,,,,,,,
IT1:29_7_DF_DCIS_POPSTRRES1_23(1.0),A,IT,JAN,9,Y32,2020,111806,,,,,,,,,
IT1:29_7_DF_DCIS_POPSTRRES1_23(1.0),A,IT,JAN,9,Y32,2021,110205,,,,,,,,,
IT1:29_7_DF_DCIS_POPSTRRES1_23(1.0),A,IT,JAN,9,Y32,2022,100028,,,,,,,,,
IT1:29_7_DF_DCIS_POPSTRRES1_23(1.0),A,IT,JAN,9,Y33,2019,112466,,,,,,,,,
IT1:29_7_DF_DCIS_POPSTRRES1_23(1.0),A,IT,JAN,9,Y33,2020,113190,,,,,,,,,
IT1:29_7_DF_DCIS_POPSTRRES1_23(1.0),A,IT,JAN,9,Y33,2021,113662,,,,,,,,,
IT1:29_7_DF_DCIS_POPSTRRES1_23(1.0),A,IT,JAN,9,Y33,2022,107463,,,,,,,,,
IT1:29_7_DF_DCIS_POPSTRRES1_23(1.0),A,IT,JAN,9,Y34,2019,114303,,,,,,,,,
IT1:29_7_DF_DCIS_POPSTRRES1_23(1.0),A,IT,JAN,9,Y34,2020,112523,,,,,,,,,
IT1:29_7_DF_DCIS_POPSTRRES1_23(1.0),A,IT,JAN,9,Y34,2021,114416,,,,,,,,,
IT1:29_7_DF_DCIS_POPSTRRES1_23(1.0),A,IT,JAN,9,Y34,2022,110546,,,,,,,,,
IT1:29_7_DF_DCIS_POPSTRRES1_23(1.0),A,IT,JAN,9,Y35,2019,112228,,,,,,,,,
IT1:29_7_DF_DCIS_POPSTRRES1_23(1.0),A,IT,JAN,9,Y35,2020,113986,,,,,,,,,
IT1:29_7_DF_DCIS_POPSTRRES1_23(1.0),A,IT,JAN,9,Y35,2021,113401,,,,,,,,,
IT1:29_7_DF_DCIS_POPSTRRES1_23(1.0),A,IT,JAN,9,Y35,2022,111377,,,,,,,,,
IT1:29_7_DF_DCIS_POPSTRRES1_23(1.0),A,IT,JAN,9,Y36,2019,116563,,,,,,,,,
IT1:29_7_DF_DCIS_POPSTRRES1_23(1.0),A,IT,JAN,9,Y36,2020,111772,,,,,,,,,
IT1:29_7_DF_DCIS_POPSTRRES1_23(1.0),A,IT,JAN,9,Y36,2021,114746,,,,,,,,,
IT1:29_7_DF_DCIS_POPSTRRES1_23(1.0),A,IT,JAN,9,Y36,2022,110450,,,,,,,,,
IT1:29_7_DF_DCIS_POPSTRRES1_23(1.0),A,IT,JAN,9,Y37,2019,114726,,,,,,,,,
IT1:29_7_DF_DCIS_POPSTRRES1_23(1.0),A,IT,JAN,9,Y37,2020,115924,,,,,,,,,
IT1:29_7_DF_DCIS_POPSTRRES1_23(1.0),A,IT,JAN,9,Y37,2021,112673,,,,,,,,,
IT1:29_7_DF_DCIS_POPSTRRES1_23(1.0),A,IT,JAN,9,Y37,2022,111611,,,,,,,,,
IT1:29_7_DF_DCIS_POPSTRRES1_23(1.0),A,IT,JAN,9,Y38,2019,118615,,,,,,,,,
IT1:29_7_DF_DCIS_POPSTRRES1_23(1.0),A,IT,JAN,9,Y38,2020,113810,,,,,,,,,
IT1:29_7_DF_DCIS_POPSTRRES1_23(1.0),A,IT,JAN,9,Y38,2021,116694,,,,,,,,,
IT1:29_7_DF_DCIS_POPSTRRES1_23(1.0),A,IT,JAN,9,Y38,2022,109162,,,,,,,,,
IT1:29_7_DF_DCIS_POPSTRRES1_23(1.0),A,IT,JAN,9,Y39,2019,115541,,,,,,,,,
IT1:29_7_DF_DCIS_POPSTRRES1_23(1.0),A,IT,JAN,9,Y39,2020,117481,,,,,,,,,
IT1:29_7_DF_DCIS_POPSTRRES1_23(1.0),A,IT,JAN,9,Y39,2021,114351,,,,,,,,,
IT1:29_7_DF_DCIS_POPSTRRES1_23(1.0),A,IT,JAN,9,Y39,2022,113046,,,,,,,,,
IT1:29_7_DF_DCIS_POPSTRRES1_23(1.0),A,IT,JAN,9,Y4,2019,65533,,,,,,,,,
IT1:29_7_DF_DCIS_POPSTRRES1_23(1.0),A,IT,JAN,9,Y4,2020,64395,,,,,,,,,
IT1:29_7_DF_DCIS_POPSTRRES1_23(1.0),A,IT,JAN,9,Y4,2021,67790,,,,,,,,,
IT1:29_7_DF_DCIS_POPSTRRES1_23(1.0),A,IT,JAN,9,Y4,2022,66141,,,,,,,,,
IT1:29_7_DF_DCIS_POPSTRRES1_23(1.0),A,IT,JAN,9,Y40,2019,113946,,,,,,,,,
IT1:29_7_DF_DCIS_POPSTRRES1_23(1.0),A,IT,JAN,9,Y40,2020,114167,,,,,,,,,
IT1:29_7_DF_DCIS_POPSTRRES1_23(1.0),A,IT,JAN,9,Y40,2021,117562,,,,,,,,,
IT1:29_7_DF_DCIS_POPSTRRES1_23(1.0),A,IT,JAN,9,Y40,2022,110461,,,,,,,,,
IT1:29_7_DF_DCIS_POPSTRRES1_23(1.0),A,IT,JAN,9,Y41,2019,109967,,,,,,,,,
IT1:29_7_DF_DCIS_POPSTRRES1_23(1.0),A,IT,JAN,9,Y41,2020,112450,,,,,,,,,
IT1:29_7_DF_DCIS_POPSTRRES1_23(1.0),A,IT,JAN,9,Y41,2021,114113,,,,,,,,,
IT1:29_7_DF_DCIS_POPSTRRES1_23(1.0),A,IT,JAN,9,Y41,2022,113730,,,,,,,,,
IT1:29_7_DF_DCIS_POPSTRRES1_23(1.0),A,IT,JAN,9,Y42,2019,107155,,,,,,,,,
IT1:29_7_DF_DCIS_POPSTRRES1_23(1.0),A,IT,JAN,9,Y42,2020,108540,,,,,,,,,
IT1:29_7_DF_DCIS_POPSTRRES1_23(1.0),A,IT,JAN,9,Y42,2021,112406,,,,,,,,,
IT1:29_7_DF_DCIS_POPSTRRES1_23(1.0),A,IT,JAN,9,Y42,2022,110350,,,,,,,,,
IT1:29_7_DF_DCIS_POPSTRRES1_23(1.0),A,IT,JAN,9,Y43,2019,103669,,,,,,,,,
IT1:29_7_DF_DCIS_POPSTRRES1_23(1.0),A,IT,JAN,9,Y43,2020,105725,,,,,,,,,
IT1:29_7_DF_DCIS_POPSTRRES1_23(1.0),A,IT,JAN,9,Y43,2021,108802,,,,,,,,,
IT1:29_7_DF_DCIS_POPSTRRES1_23(1.0),A,IT,JAN,9,Y43,2022,108596,,,,,,,,,
IT1:29_7_DF_DCIS_POPSTRRES1_23(1.0),A,IT,JAN,9,Y44,2019,99472,,,,,,,,,
IT1:29_7_DF_DCIS_POPSTRRES1_23(1.0),A,IT,JAN,9,Y44,2020,102480,,,,,,,,,
IT1:29_7_DF_DCIS_POPSTRRES1_23(1.0),A,IT,JAN,9,Y44,2021,105839,,,,,,,,,
IT1:29_7_DF_DCIS_POPSTRRES1_23(1.0),A,IT,JAN,9,Y44,2022,105292,,,,,,,,,
IT1:29_7_DF_DCIS_POPSTRRES1_23(1.0),A,IT,JAN,9,Y45,2019,92200,,,,,,,,,
IT1:29_7_DF_DCIS_POPSTRRES1_23(1.0),A,IT,JAN,9,Y45,2020,97990,,,,,,,,,
IT1:29_7_DF_DCIS_POPSTRRES1_23(1.0),A,IT,JAN,9,Y45,2021,103097,,,,,,,,,
IT1:29_7_DF_DCIS_POPSTRRES1_23(1.0),A,IT,JAN,9,Y45,2022,102145,,,,,,,,,
IT1:29_7_DF_DCIS_POPSTRRES1_23(1.0),A,IT,JAN,9,Y46,2019,91589,,,,,,,,,
IT1:29_7_DF_DCIS_POPSTRRES1_23(1.0),A,IT,JAN,9,Y46,2020,90857,,,,,,,,,
IT1:29_7_DF_DCIS_POPSTRRES1_23(1.0),A,IT,JAN,9,Y46,2021,98521,,,,,,,,,
IT1:29_7_DF_DCIS_POPSTRRES1_23(1.0),A,IT,JAN,9,Y46,2022,99333,,,,,,,,,
IT1:29_7_DF_DCIS_POPSTRRES1_23(1.0),A,IT,JAN,9,Y47,2019,86653,,,,,,,,,
IT1:29_7_DF_DCIS_POPSTRRES1_23(1.0),A,IT,JAN,9,Y47,2020,90180,,,,,,,,,
IT1:29_7_DF_DCIS_POPSTRRES1_23(1.0),A,IT,JAN,9,Y47,2021,91569,,,,,,,,,
IT1:29_7_DF_DCIS_POPSTRRES1_23(1.0),A,IT,JAN,9,Y47,2022,94886,,,,,,,,,
IT1:29_7_DF_DCIS_POPSTRRES1_23(1.0),A,IT,JAN,9,Y48,2019,86380,,,,,,,,,
IT1:29_7_DF_DCIS_POPSTRRES1_23(1.0),A,IT,JAN,9,Y48,2020,85513,,,,,,,,,
IT1:29_7_DF_DCIS_POPSTRRES1_23(1.0),A,IT,JAN,9,Y48,2021,91085,,,,,,,,,
IT1:29_7_DF_DCIS_POPSTRRES1_23(1.0),A,IT,JAN,9,Y48,2022,88243,,,,,,,,,
IT1:29_7_DF_DCIS_POPSTRRES1_23(1.0),A,IT,JAN,9,Y49,2019,83970,,,,,,,,,
IT1:29_7_DF_DCIS_POPSTRRES1_23(1.0),A,IT,JAN,9,Y49,2020,85198,,,,,,,,,
IT1:29_7_DF_DCIS_POPSTRRES1_23(1.0),A,IT,JAN,9,Y49,2021,86138,,,,,,,,,
IT1:29_7_DF_DCIS_POPSTRRES1_23(1.0),A,IT,JAN,9,Y49,2022,87473,,,,,,,,,
IT1:29_7_DF_DCIS_POPSTRRES1_23(1.0),A,IT,JAN,9,Y5,2019,64476,,,,,,,,,
IT1:29_7_DF_DCIS_POPSTRRES1_23(1.0),A,IT,JAN,9,Y5,2020,65062,,,,,,,,,
IT1:29_7_DF_DCIS_POPSTRRES1_23(1.0),A,IT,JAN,9,Y5,2021,67576,,,,,,,,,
IT1:29_7_DF_DCIS_POPSTRRES1_23(1.0),A,IT,JAN,9,Y5,2022,65333,,,,,,,,,
IT1:29_7_DF_DCIS_POPSTRRES1_23(1.0),A,IT,JAN,9,Y50,2019,84435,,,,,,,,,
IT1:29_7_DF_DCIS_POPSTRRES1_23(1.0),A,IT,JAN,9,Y50,2020,82702,,,,,,,,,
IT1:29_7_DF_DCIS_POPSTRRES1_23(1.0),A,IT,JAN,9,Y50,2021,85771,,,,,,,,,
IT1:29_7_DF_DCIS_POPSTRRES1_23(1.0),A,IT,JAN,9,Y50,2022,82552,,,,,,,,,
IT1:29_7_DF_DCIS_POPSTRRES1_23(1.0),A,IT,JAN,9,Y51,2019,78527,,,,,,,,,
IT1:29_7_DF_DCIS_POPSTRRES1_23(1.0),A,IT,JAN,9,Y51,2020,83162,,,,,,,,,
IT1:29_7_DF_DCIS_POPSTRRES1_23(1.0),A,IT,JAN,9,Y51,2021,83055,,,,,,,,,
IT1:29_7_DF_DCIS_POPSTRRES1_23(1.0),A,IT,JAN,9,Y51,2022,82492,,,,,,,,,
IT1:29_7_DF_DCIS_POPSTRRES1_23(1.0),A,IT,JAN,9,Y52,2019,65338,,,,,,,,,
IT1:29_7_DF_DCIS_POPSTRRES1_23(1.0),A,IT,JAN,9,Y52,2020,77394,,,,,,,,,
IT1:29_7_DF_DCIS_POPSTRRES1_23(1.0),A,IT,JAN,9,Y52,2021,82930,,,,,,,,,
IT1:29_7_DF_DCIS_POPSTRRES1_23(1.0),A,IT,JAN,9,Y52,2022,79819,,,,,,,,,
IT1:29_7_DF_DCIS_POPSTRRES1_23(1.0),A,IT,JAN,9,Y53,2019,62590,,,,,,,,,
IT1:29_7_DF_DCIS_POPSTRRES1_23(1.0),A,IT,JAN,9,Y53,2020,64470,,,,,,,,,
IT1:29_7_DF_DCIS_POPSTRRES1_23(1.0),A,IT,JAN,9,Y53,2021,77080,,,,,,,,,
IT1:29_7_DF_DCIS_POPSTRRES1_23(1.0),A,IT,JAN,9,Y53,2022,79776,,,,,,,,,
IT1:29_7_DF_DCIS_POPSTRRES1_23(1.0),A,IT,JAN,9,Y54,2019,60973,,,,,,,,,
IT1:29_7_DF_DCIS_POPSTRRES1_23(1.0),A,IT,JAN,9,Y54,2020,61737,,,,,,,,,
IT1:29_7_DF_DCIS_POPSTRRES1_23(1.0),A,IT,JAN,9,Y54,2021,64640,,,,,,,,,
IT1:29_7_DF_DCIS_POPSTRRES1_23(1.0),A,IT,JAN,9,Y54,2022,74020,,,,,,,,,
IT1:29_7_DF_DCIS_POPSTRRES1_23(1.0),A,IT,JAN,9,Y55,2019,58007,,,,,,,,,
IT1:29_7_DF_DCIS_POPSTRRES1_23(1.0),A,IT,JAN,9,Y55,2020,60257,,,,,,,,,
IT1:29_7_DF_DCIS_POPSTRRES1_23(1.0),A,IT,JAN,9,Y55,2021,61766,,,,,,,,,
IT1:29_7_DF_DCIS_POPSTRRES1_23(1.0),A,IT,JAN,9,Y55,2022,61958,,,,,,,,,
IT1:29_7_DF_DCIS_POPSTRRES1_23(1.0),A,IT,JAN,9,Y56,2019,55672,,,,,,,,,
IT1:29_7_DF_DCIS_POPSTRRES1_23(1.0),A,IT,JAN,9,Y56,2020,57349,,,,,,,,,
IT1:29_7_DF_DCIS_POPSTRRES1_23(1.0),A,IT,JAN,9,Y56,2021,60106,,,,,,,,,
IT1:29_7_DF_DCIS_POPSTRRES1_23(1.0),A,IT,JAN,9,Y56,2022,59148,,,,,,,,,
IT1:29_7_DF_DCIS_POPSTRRES1_23(1.0),A,IT,JAN,9,Y57,2019,51795,,,,,,,,,
IT1:29_7_DF_DCIS_POPSTRRES1_23(1.0),A,IT,JAN,9,Y57,2020,55013,,,,,,,,,
IT1:29_7_DF_DCIS_POPSTRRES1_23(1.0),A,IT,JAN,9,Y57,2021,57011,,,,,,,,,
IT1:29_7_DF_DCIS_POPSTRRES1_23(1.0),A,IT,JAN,9,Y57,2022,57619,,,,,,,,,
IT1:29_7_DF_DCIS_POPSTRRES1_23(1.0),A,IT,JAN,9,Y58,2019,51584,,,,,,,,,
IT1:29_7_DF_DCIS_POPSTRRES1_23(1.0),A,IT,JAN,9,Y58,2020,51183,,,,,,,,,
IT1:29_7_DF_DCIS_POPSTRRES1_23(1.0),A,IT,JAN,9,Y58,2021,54374,,,,,,,,,
IT1:29_7_DF_DCIS_POPSTRRES1_23(1.0),A,IT,JAN,9,Y58,2022,54492,,,,,,,,,
IT1:29_7_DF_DCIS_POPSTRRES1_23(1.0),A,IT,JAN,9,Y59,2019,46478,,,,,,,,,
IT1:29_7_DF_DCIS_POPSTRRES1_23(1.0),A,IT,JAN,9,Y59,2020,50982,,,,,,,,,
IT1:29_7_DF_DCIS_POPSTRRES1_23(1.0),A,IT,JAN,9,Y59,2021,50275,,,,,,,,,
IT1:29_7_DF_DCIS_POPSTRRES1_23(1.0),A,IT,JAN,9,Y59,2022,51786,,,,,,,,,
IT1:29_7_DF_DCIS_POPSTRRES1_23(1.0),A,IT,JAN,9,Y6,2019,64975,,,,,,,,,
IT1:29_7_DF_DCIS_POPSTRRES1_23(1.0),A,IT,JAN,9,Y6,2020,63605,,,,,,,,,
IT1:29_7_DF_DCIS_POPSTRRES1_23(1.0),A,IT,JAN,9,Y6,2021,64456,,,,,,,,,
IT1:29_7_DF_DCIS_POPSTRRES1_23(1.0),A,IT,JAN,9,Y6,2022,64467,,,,,,,,,
IT1:29_7_DF_DCIS_POPSTRRES1_23(1.0),A,IT,JAN,9,Y60,2019,44045,,,,,,,,,
IT1:29_7_DF_DCIS_POPSTRRES1_23(1.0),A,IT,JAN,9,Y60,2020,45848,,,,,,,,,
IT1:29_7_DF_DCIS_POPSTRRES1_23(1.0),A,IT,JAN,9,Y60,2021,49743,,,,,,,,,
IT1:29_7_DF_DCIS_POPSTRRES1_23(1.0),A,IT,JAN,9,Y60,2022,47490,,,,,,,,,
IT1:29_7_DF_DCIS_POPSTRRES1_23(1.0),A,IT,JAN,9,Y61,2019,39895,,,,,,,,,
IT1:29_7_DF_DCIS_POPSTRRES1_23(1.0),A,IT,JAN,9,Y61,2020,43593,,,,,,,,,
IT1:29_7_DF_DCIS_POPSTRRES1_23(1.0),A,IT,JAN,9,Y61,2021,44473,,,,,,,,,
IT1:29_7_DF_DCIS_POPSTRRES1_23(1.0),A,IT,JAN,9,Y61,2022,46752,,,,,,,,,
IT1:29_7_DF_DCIS_POPSTRRES1_23(1.0),A,IT,JAN,9,Y62,2019,36440,,,,,,,,,
IT1:29_7_DF_DCIS_POPSTRRES1_23(1.0),A,IT,JAN,9,Y62,2020,39327,,,,,,,,,
IT1:29_7_DF_DCIS_POPSTRRES1_23(1.0),A,IT,JAN,9,Y62,2021,41642,,,,,,,,,
IT1:29_7_DF_DCIS_POPSTRRES1_23(1.0),A,IT,JAN,9,Y62,2022,41492,,,,,,,,,
IT1:29_7_DF_DCIS_POPSTRRES1_23(1.0),A,IT,JAN,9,Y63,2019,33127,,,,,,,,,
IT1:29_7_DF_DCIS_POPSTRRES1_23(1.0),A,IT,JAN,9,Y63,2020,35935,,,,,,,,,
IT1:29_7_DF_DCIS_POPSTRRES1_23(1.0),A,IT,JAN,9,Y63,2021,37278,,,,,,,,,
IT1:29_7_DF_DCIS_POPSTRRES1_23(1.0),A,IT,JAN,9,Y63,2022,38696,,,,,,,,,
IT1:29_7_DF_DCIS_POPSTRRES1_23(1.0),A,IT,JAN,9,Y64,2019,29522,,,,,,,,,
IT1:29_7_DF_DCIS_POPSTRRES1_23(1.0),A,IT,JAN,9,Y64,2020,32803,,,,,,,,,
IT1:29_7_DF_DCIS_POPSTRRES1_23(1.0),A,IT,JAN,9,Y64,2021,34094,,,,,,,,,
IT1:29_7_DF_DCIS_POPSTRRES1_23(1.0),A,IT,JAN,9,Y64,2022,34583,,,,,,,,,
IT1:29_7_DF_DCIS_POPSTRRES1_23(1.0),A,IT,JAN,9,Y65,2019,25733,,,,,,,,,
IT1:29_7_DF_DCIS_POPSTRRES1_23(1.0),A,IT,JAN,9,Y65,2020,29219,,,,,,,,,
IT1:29_7_DF_DCIS_POPSTRRES1_23(1.0),A,IT,JAN,9,Y65,2021,30991,,,,,,,,,
IT1:29_7_DF_DCIS_POPSTRRES1_23(1.0),A,IT,JAN,9,Y65,2022,31314,,,,,,,,,
IT1:29_7_DF_DCIS_POPSTRRES1_23(1.0),A,IT,JAN,9,Y66,2019,23530,,,,,,,,,
IT1:29_7_DF_DCIS_POPSTRRES1_23(1.0),A,IT,JAN,9,Y66,2020,25516,,,,,,,,,
IT1:29_7_DF_DCIS_POPSTRRES1_23(1.0),A,IT,JAN,9,Y66,2021,27383,,,,,,,,,
IT1:29_7_DF_DCIS_POPSTRRES1_23(1.0),A,IT,JAN,9,Y66,2022,28389,,,,,,,,,
IT1:29_7_DF_DCIS_POPSTRRES1_23(1.0),A,IT,JAN,9,Y67,2019,20151,,,,,,,,,
IT1:29_7_DF_DCIS_POPSTRRES1_23(1.0),A,IT,JAN,9,Y67,2020,23187,,,,,,,,,
IT1:29_7_DF_DCIS_POPSTRRES1_23(1.0),A,IT,JAN,9,Y67,2021,23520,,,,,,,,,
IT1:29_7_DF_DCIS_POPSTRRES1_23(1.0),A,IT,JAN,9,Y67,2022,24562,,,,,,,,,
IT1:29_7_DF_DCIS_POPSTRRES1_23(1.0),A,IT,JAN,9,Y68,2019,19487,,,,,,,,,
IT1:29_7_DF_DCIS_POPSTRRES1_23(1.0),A,IT,JAN,9,Y68,2020,19914,,,,,,,,,
IT1:29_7_DF_DCIS_POPSTRRES1_23(1.0),A,IT,JAN,9,Y68,2021,21212,,,,,,,,,
IT1:29_7_DF_DCIS_POPSTRRES1_23(1.0),A,IT,JAN,9,Y68,2022,21071,,,,,,,,,
IT1:29_7_DF_DCIS_POPSTRRES1_23(1.0),A,IT,JAN,9,Y69,2019,16943,,,,,,,,,
IT1:29_7_DF_DCIS_POPSTRRES1_23(1.0),A,IT,JAN,9,Y69,2020,19247,,,,,,,,,
IT1:29_7_DF_DCIS_POPSTRRES1_23(1.0),A,IT,JAN,9,Y69,2021,18114,,,,,,,,,
IT1:29_7_DF_DCIS_POPSTRRES1_23(1.0),A,IT,JAN,9,Y69,2022,19151,,,,,,,,,
IT1:29_7_DF_DCIS_POPSTRRES1_23(1.0),A,IT,JAN,9,Y7,2019,61491,,,,,,,,,
IT1:29_7_DF_DCIS_POPSTRRES1_23(1.0),A,IT,JAN,9,Y7,2020,63881,,,,,,,,,
IT1:29_7_DF_DCIS_POPSTRRES1_23(1.0),A,IT,JAN,9,Y7,2021,62888,,,,,,,,,
IT1:29_7_DF_DCIS_POPSTRRES1_23(1.0),A,IT,JAN,9,Y7,2022,64576,,,,,,,,,
IT1:29_7_DF_DCIS_POPSTRRES1_23(1.0),A,IT,JAN,9,Y70,2019,14742,,,,,,,,,
IT1:29_7_DF_DCIS_POPSTRRES1_23(1.0),A,IT,JAN,9,Y70,2020,16731,,,,,,,,,
IT1:29_7_DF_DCIS_POPSTRRES1_23(1.0),A,IT,JAN,9,Y70,2021,17626,,,,,,,,,
IT1:29_7_DF_DCIS_POPSTRRES1_23(1.0),A,IT,JAN,9,Y70,2022,16262,,,,,,,,,
IT1:29_7_DF_DCIS_POPSTRRES1_23(1.0),A,IT,JAN,9,Y71,2019,12392,,,,,,,,,
IT1:29_7_DF_DCIS_POPSTRRES1_23(1.0),A,IT,JAN,9,Y71,2020,14567,,,,,,,,,
IT1:29_7_DF_DCIS_POPSTRRES1_23(1.0),A,IT,JAN,9,Y71,2021,15168,,,,,,,,,
IT1:29_7_DF_DCIS_POPSTRRES1_23(1.0),A,IT,JAN,9,Y71,2022,15775,,,,,,,,,
IT1:29_7_DF_DCIS_POPSTRRES1_23(1.0),A,IT,JAN,9,Y72,2019,10580,,,,,,,,,
IT1:29_7_DF_DCIS_POPSTRRES1_23(1.0),A,IT,JAN,9,Y72,2020,12305,,,,,,,,,
IT1:29_7_DF_DCIS_POPSTRRES1_23(1.0),A,IT,JAN,9,Y72,2021,13176,,,,,,,,,
IT1:29_7_DF_DCIS_POPSTRRES1_23(1.0),A,IT,JAN,9,Y72,2022,13484,,,,,,,,,
IT1:29_7_DF_DCIS_POPSTRRES1_23(1.0),A,IT,JAN,9,Y73,2019,8710,,,,,,,,,
IT1:29_7_DF_DCIS_POPSTRRES1_23(1.0),A,IT,JAN,9,Y73,2020,10411,,,,,,,,,
IT1:29_7_DF_DCIS_POPSTRRES1_23(1.0),A,IT,JAN,9,Y73,2021,11121,,,,,,,,,
IT1:29_7_DF_DCIS_POPSTRRES1_23(1.0),A,IT,JAN,9,Y73,2022,11671,,,,,,,,,
IT1:29_7_DF_DCIS_POPSTRRES1_23(1.0),A,IT,JAN,9,Y74,2019,8137,,,,,,,,,
IT1:29_7_DF_DCIS_POPSTRRES1_23(1.0),A,IT,JAN,9,Y74,2020,8576,,,,,,,,,
IT1:29_7_DF_DCIS_POPSTRRES1_23(1.0),A,IT,JAN,9,Y74,2021,9357,,,,,,,,,
IT1:29_7_DF_DCIS_POPSTRRES1_23(1.0),A,IT,JAN,9,Y74,2022,9906,,,,,,,,,
IT1:29_7_DF_DCIS_POPSTRRES1_23(1.0),A,IT,JAN,9,Y75,2019,7431,,,,,,,,,
IT1:29_7_DF_DCIS_POPSTRRES1_23(1.0),A,IT,JAN,9,Y75,2020,7996,,,,,,,,,
IT1:29_7_DF_DCIS_POPSTRRES1_23(1.0),A,IT,JAN,9,Y75,2021,7726,,,,,,,,,
IT1:29_7_DF_DCIS_POPSTRRES1_23(1.0),A,IT,JAN,9,Y75,2022,8223,,,,,,,,,
IT1:29_7_DF_DCIS_POPSTRRES1_23(1.0),A,IT,JAN,9,Y76,2019,7497,,,,,,,,,
IT1:29_7_DF_DCIS_POPSTRRES1_23(1.0),A,IT,JAN,9,Y76,2020,7322,,,,,,,,,
IT1:29_7_DF_DCIS_POPSTRRES1_23(1.0),A,IT,JAN,9,Y76,2021,7152,,,,,,,,,
IT1:29_7_DF_DCIS_POPSTRRES1_23(1.0),A,IT,JAN,9,Y76,2022,6773,,,,,,,,,
IT1:29_7_DF_DCIS_POPSTRRES1_23(1.0),A,IT,JAN,9,Y77,2019,5914,,,,,,,,,
IT1:29_7_DF_DCIS_POPSTRRES1_23(1.0),A,IT,JAN,9,Y77,2020,7311,,,,,,,,,
IT1:29_7_DF_DCIS_POPSTRRES1_23(1.0),A,IT,JAN,9,Y77,2021,6466,,,,,,,,,
IT1:29_7_DF_DCIS_POPSTRRES1_23(1.0),A,IT,JAN,9,Y77,2022,6272,,,,,,,,,
IT1:29_7_DF_DCIS_POPSTRRES1_23(1.0),A,IT,JAN,9,Y78,2019,6439,,,,,,,,,
IT1:29_7_DF_DCIS_POPSTRRES1_23(1.0),A,IT,JAN,9,Y78,2020,5770,,,,,,,,,
IT1:29_7_DF_DCIS_POPSTRRES1_23(1.0),A,IT,JAN,9,Y78,2021,6496,,,,,,,,,
IT1:29_7_DF_DCIS_POPSTRRES1_23(1.0),A,IT,JAN,9,Y78,2022,5687,,,,,,,,,
IT1:29_7_DF_DCIS_POPSTRRES1_23(1.0),A,IT,JAN,9,Y79,2019,5069,,,,,,,,,
IT1:29_7_DF_DCIS_POPSTRRES1_23(1.0),A,IT,JAN,9,Y79,2020,6264,,,,,,,,,
IT1:29_7_DF_DCIS_POPSTRRES1_23(1.0),A,IT,JAN,9,Y79,2021,5032,,,,,,,,,
IT1:29_7_DF_DCIS_POPSTRRES1_23(1.0),A,IT,JAN,9,Y79,2022,5628,,,,,,,,,
IT1:29_7_DF_DCIS_POPSTRRES1_23(1.0),A,IT,JAN,9,Y8,2019,59852,,,,,,,,,
IT1:29_7_DF_DCIS_POPSTRRES1_23(1.0),A,IT,JAN,9,Y8,2020,60446,,,,,,,,,
IT1:29_7_DF_DCIS_POPSTRRES1_23(1.0),A,IT,JAN,9,Y8,2021,62643,,,,,,,,,
IT1:29_7_DF_DCIS_POPSTRRES1_23(1.0),A,IT,JAN,9,Y8,2022,62406,,,,,,,,,
IT1:29_7_DF_DCIS_POPSTRRES1_23(1.0),A,IT,JAN,9,Y80,2019,4691,,,,,,,,,
IT1:29_7_DF_DCIS_POPSTRRES1_23(1.0),A,IT,JAN,9,Y80,2020,4934,,,,,,,,,
IT1:29_7_DF_DCIS_POPSTRRES1_23(1.0),A,IT,JAN,9,Y80,2021,5468,,,,,,,,,
IT1:29_7_DF_DCIS_POPSTRRES1_23(1.0),A,IT,JAN,9,Y80,2022,4328,,,,,,,,,
IT1:29_7_DF_DCIS_POPSTRRES1_23(1.0),A,IT,JAN,9,Y81,2019,4051,,,,,,,,,
IT1:29_7_DF_DCIS_POPSTRRES1_23(1.0),A,IT,JAN,9,Y81,2020,4565,,,,,,,,,
IT1:29_7_DF_DCIS_POPSTRRES1_23(1.0),A,IT,JAN,9,Y81,2021,4216,,,,,,,,,
IT1:29_7_DF_DCIS_POPSTRRES1_23(1.0),A,IT,JAN,9,Y81,2022,4682,,,,,,,,,
IT1:29_7_DF_DCIS_POPSTRRES1_23(1.0),A,IT,JAN,9,Y82,2019,3509,,,,,,,,,
IT1:29_7_DF_DCIS_POPSTRRES1_23(1.0),A,IT,JAN,9,Y82,2020,3890,,,,,,,,,
IT1:29_7_DF_DCIS_POPSTRRES1_23(1.0),A,IT,JAN,9,Y82,2021,3947,,,,,,,,,
IT1:29_7_DF_DCIS_POPSTRRES1_23(1.0),A,IT,JAN,9,Y82,2022,3574,,,,,,,,,
IT1:29_7_DF_DCIS_POPSTRRES1_23(1.0),A,IT,JAN,9,Y83,2019,2930,,,,,,,,,
IT1:29_7_DF_DCIS_POPSTRRES1_23(1.0),A,IT,JAN,9,Y83,2020,3371,,,,,,,,,
IT1:29_7_DF_DCIS_POPSTRRES1_23(1.0),A,IT,JAN,9,Y83,2021,3283,,,,,,,,,
IT1:29_7_DF_DCIS_POPSTRRES1_23(1.0),A,IT,JAN,9,Y83,2022,3261,,,,,,,,,
IT1:29_7_DF_DCIS_POPSTRRES1_23(1.0),A,IT,JAN,9,Y84,2019,2432,,,,,,,,,
IT1:29_7_DF_DCIS_POPSTRRES1_23(1.0),A,IT,JAN,9,Y84,2020,2767,,,,,,,,,
IT1:29_7_DF_DCIS_POPSTRRES1_23(1.0),A,IT,JAN,9,Y84,2021,2819,,,,,,,,,
IT1:29_7_DF_DCIS_POPSTRRES1_23(1.0),A,IT,JAN,9,Y84,2022,2736,,,,,,,,,
IT1:29_7_DF_DCIS_POPSTRRES1_23(1.0),A,IT,JAN,9,Y85,2019,1948,,,,,,,,,
IT1:29_7_DF_DCIS_POPSTRRES1_23(1.0),A,IT,JAN,9,Y85,2020,2318,,,,,,,,,
IT1:29_7_DF_DCIS_POPSTRRES1_23(1.0),A,IT,JAN,9,Y85,2021,2312,,,,,,,,,
IT1:29_7_DF_DCIS_POPSTRRES1_23(1.0),A,IT,JAN,9,Y85,2022,2296,,,,,,,,,
IT1:29_7_DF_DCIS_POPSTRRES1_23(1.0),A,IT,JAN,9,Y86,2019,1787,,,,,,,,,
IT1:29_7_DF_DCIS_POPSTRRES1_23(1.0),A,IT,JAN,9,Y86,2020,1876,,,,,,,,,
IT1:29_7_DF_DCIS_POPSTRRES1_23(1.0),A,IT,JAN,9,Y86,2021,1873,,,,,,,,,
IT1:29_7_DF_DCIS_POPSTRRES1_23(1.0),A,IT,JAN,9,Y86,2022,1878,,,,,,,,,
IT1:29_7_DF_DCIS_POPSTRRES1_23(1.0),A,IT,JAN,9,Y87,2019,1239,,,,,,,,,
IT1:29_7_DF_DCIS_POPSTRRES1_23(1.0),A,IT,JAN,9,Y87,2020,1667,,,,,,,,,
IT1:29_7_DF_DCIS_POPSTRRES1_23(1.0),A,IT,JAN,9,Y87,2021,1487,,,,,,,,,
IT1:29_7_DF_DCIS_POPSTRRES1_23(1.0),A,IT,JAN,9,Y87,2022,1520,,,,,,,,,
IT1:29_7_DF_DCIS_POPSTRRES1_23(1.0),A,IT,JAN,9,Y88,2019,1398,,,,,,,,,
IT1:29_7_DF_DCIS_POPSTRRES1_23(1.0),A,IT,JAN,9,Y88,2020,1125,,,,,,,,,
IT1:29_7_DF_DCIS_POPSTRRES1_23(1.0),A,IT,JAN,9,Y88,2021,1316,,,,,,,,,
IT1:29_7_DF_DCIS_POPSTRRES1_23(1.0),A,IT,JAN,9,Y88,2022,1206,,,,,,,,,
IT1:29_7_DF_DCIS_POPSTRRES1_23(1.0),A,IT,JAN,9,Y89,2019,878,,,,,,,,,
IT1:29_7_DF_DCIS_POPSTRRES1_23(1.0),A,IT,JAN,9,Y89,2020,1254,,,,,,,,,
IT1:29_7_DF_DCIS_POPSTRRES1_23(1.0),A,IT,JAN,9,Y89,2021,837,,,,,,,,,
IT1:29_7_DF_DCIS_POPSTRRES1_23(1.0),A,IT,JAN,9,Y89,2022,1062,,,,,,,,,
IT1:29_7_DF_DCIS_POPSTRRES1_23(1.0),A,IT,JAN,9,Y9,2019,59053,,,,,,,,,
IT1:29_7_DF_DCIS_POPSTRRES1_23(1.0),A,IT,JAN,9,Y9,2020,59017,,,,,,,,,
IT1:29_7_DF_DCIS_POPSTRRES1_23(1.0),A,IT,JAN,9,Y9,2021,59045,,,,,,,,,
IT1:29_7_DF_DCIS_POPSTRRES1_23(1.0),A,IT,JAN,9,Y9,2022,62569,,,,,,,,,
IT1:29_7_DF_DCIS_POPSTRRES1_23(1.0),A,IT,JAN,9,Y90,2019,759,,,,,,,,,
IT1:29_7_DF_DCIS_POPSTRRES1_23(1.0),A,IT,JAN,9,Y90,2020,801,,,,,,,,,
IT1:29_7_DF_DCIS_POPSTRRES1_23(1.0),A,IT,JAN,9,Y90,2021,966,,,,,,,,,
IT1:29_7_DF_DCIS_POPSTRRES1_23(1.0),A,IT,JAN,9,Y90,2022,662,,,,,,,,,
IT1:29_7_DF_DCIS_POPSTRRES1_23(1.0),A,IT,JAN,9,Y91,2019,630,,,,,,,,,
IT1:29_7_DF_DCIS_POPSTRRES1_23(1.0),A,IT,JAN,9,Y91,2020,676,,,,,,,,,
IT1:29_7_DF_DCIS_POPSTRRES1_23(1.0),A,IT,JAN,9,Y91,2021,575,,,,,,,,,
IT1:29_7_DF_DCIS_POPSTRRES1_23(1.0),A,IT,JAN,9,Y91,2022,743,,,,,,,,,
IT1:29_7_DF_DCIS_POPSTRRES1_23(1.0),A,IT,JAN,9,Y92,2019,475,,,,,,,,,
IT1:29_7_DF_DCIS_POPSTRRES1_23(1.0),A,IT,JAN,9,Y92,2020,566,,,,,,,,,
IT1:29_7_DF_DCIS_POPSTRRES1_23(1.0),A,IT,JAN,9,Y92,2021,485,,,,,,,,,
IT1:29_7_DF_DCIS_POPSTRRES1_23(1.0),A,IT,JAN,9,Y92,2022,460,,,,,,,,,
IT1:29_7_DF_DCIS_POPSTRRES1_23(1.0),A,IT,JAN,9,Y93,2019,422,,,,,,,,,
IT1:29_7_DF_DCIS_POPSTRRES1_23(1.0),A,IT,JAN,9,Y93,2020,423,,,,,,,,,
IT1:29_7_DF_DCIS_POPSTRRES1_23(1.0),A,IT,JAN,9,Y93,2021,413,,,,,,,,,
IT1:29_7_DF_DCIS_POPSTRRES1_23(1.0),A,IT,JAN,9,Y93,2022,346,,,,,,,,,
IT1:29_7_DF_DCIS_POPSTRRES1_23(1.0),A,IT,JAN,9,Y94,2019,284,,,,,,,,,
IT1:29_7_DF_DCIS_POPSTRRES1_23(1.0),A,IT,JAN,9,Y94,2020,351,,,,,,,,,
IT1:29_7_DF_DCIS_POPSTRRES1_23(1.0),A,IT,JAN,9,Y94,2021,280,,,,,,,,,
IT1:29_7_DF_DCIS_POPSTRRES1_23(1.0),A,IT,JAN,9,Y94,2022,316,,,,,,,,,
IT1:29_7_DF_DCIS_POPSTRRES1_23(1.0),A,IT,JAN,9,Y95,2019,260,,,,,,,,,
IT1:29_7_DF_DCIS_POPSTRRES1_23(1.0),A,IT,JAN,9,Y95,2020,240,,,,,,,,,
IT1:29_7_DF_DCIS_POPSTRRES1_23(1.0),A,IT,JAN,9,Y95,2021,230,,,,,,,,,
IT1:29_7_DF_DCIS_POPSTRRES1_23(1.0),A,IT,JAN,9,Y95,2022,225,,,,,,,,,
IT1:29_7_DF_DCIS_POPSTRRES1_23(1.0),A,IT,JAN,9,Y96,2019,181,,,,,,,,,
IT1:29_7_DF_DCIS_POPSTRRES1_23(1.0),A,IT,JAN,9,Y96,2020,221,,,,,,,,,
IT1:29_7_DF_DCIS_POPSTRRES1_23(1.0),A,IT,JAN,9,Y96,2021,159,,,,,,,,,
IT1:29_7_DF_DCIS_POPSTRRES1_23(1.0),A,IT,JAN,9,Y96,2022,160,,,,,,,,,
IT1:29_7_DF_DCIS_POPSTRRES1_23(1.0),A,IT,JAN,9,Y97,2019,125,,,,,,,,,
IT1:29_7_DF_DCIS_POPSTRRES1_23(1.0),A,IT,JAN,9,Y97,2020,145,,,,,,,,,
IT1:29_7_DF_DCIS_POPSTRRES1_23(1.0),A,IT,JAN,9,Y97,2021,137,,,,,,,,,
IT1:29_7_DF_DCIS_POPSTRRES1_23(1.0),A,IT,JAN,9,Y97,2022,121,,,,,,,,,
IT1:29_7_DF_DCIS_POPSTRRES1_23(1.0),A,IT,JAN,9,Y98,2019,128,,,,,,,,,
IT1:29_7_DF_DCIS_POPSTRRES1_23(1.0),A,IT,JAN,9,Y98,2020,100,,,,,,,,,
IT1:29_7_DF_DCIS_POPSTRRES1_23(1.0),A,IT,JAN,9,Y98,2021,113,,,,,,,,,
IT1:29_7_DF_DCIS_POPSTRRES1_23(1.0),A,IT,JAN,9,Y98,2022,154,,,,,,,,,
IT1:29_7_DF_DCIS_POPSTRRES1_23(1.0),A,IT,JAN,9,Y99,2019,64,,,,,,,,,
IT1:29_7_DF_DCIS_POPSTRRES1_23(1.0),A,IT,JAN,9,Y99,2020,99,,,,,,,,,
IT1:29_7_DF_DCIS_POPSTRRES1_23(1.0),A,IT,JAN,9,Y99,2021,81,,,,,,,,,
IT1:29_7_DF_DCIS_POPSTRRES1_23(1.0),A,IT,JAN,9,Y99,2022,96,,,,,,,,,
