"ITTER107","Territorio","SEXISTAT1","Sesso","ETA1","Classe di età","TITOLO_STUDIO","Titolo di studio","CITTADINANZA","Cittadinanza","TIME","Seleziona periodo","Value","Flag Codes","Flags"
"IT","Italia","9","totale","Y15-89","15-89 anni","99","totale","FRG","straniero-a","2018","2018",147.69,,
"IT","Italia","9","totale","Y15-89","15-89 anni","99","totale","FRG","straniero-a","2018-Q2","T2-2018",154.228,,
"IT","Italia","9","totale","Y15-89","15-89 anni","99","totale","FRG","straniero-a","2018-Q1","T1-2018",131.9,,
"IT","Italia","9","totale","Y15-89","15-89 anni","99","totale","FRG","straniero-a","2018-Q4","T4-2018",153.152,,
"IT","Italia","9","totale","Y15-89","15-89 anni","99","totale","FRG","straniero-a","2018-Q3","T3-2018",151.48,,
"IT","Italia","9","totale","Y15-89","15-89 anni","99","totale","FRG","straniero-a","2019","2019",157.453,,
"IT","Italia","9","totale","Y15-89","15-89 anni","99","totale","FRG","straniero-a","2019-Q1","T1-2019",144.875,,
"IT","Italia","9","totale","Y15-89","15-89 anni","99","totale","FRG","straniero-a","2019-Q2","T2-2019",149.755,,
"IT","Italia","9","totale","Y15-89","15-89 anni","99","totale","FRG","straniero-a","2019-Q4","T4-2019",163.065,,
"IT","Italia","9","totale","Y15-89","15-89 anni","99","totale","FRG","straniero-a","2019-Q3","T3-2019",172.118,,
"IT","Italia","9","totale","Y15-89","15-89 anni","99","totale","FRG","straniero-a","2020","2020",161.05,,
"IT","Italia","9","totale","Y15-89","15-89 anni","99","totale","FRG","straniero-a","2020-Q2","T2-2020",148.311,,
"IT","Italia","9","totale","Y15-89","15-89 anni","99","totale","FRG","straniero-a","2020-Q1","T1-2020",153.834,,
"IT","Italia","9","totale","Y15-89","15-89 anni","99","totale","FRG","straniero-a","2020-Q3","T3-2020",173.237,,
"IT","Italia","9","totale","Y15-89","15-89 anni","99","totale","FRG","straniero-a","2020-Q4","T4-2020",168.819,,
"IT","Italia","9","totale","Y15-89","15-89 anni","99","totale","FRG","straniero-a","2021","2021",164.842,,
"IT","Italia","9","totale","Y15-89","15-89 anni","99","totale","FRG","straniero-a","2022","2022",154.819,,
"IT","Italia","9","totale","Y15-89","15-89 anni","99","totale","FRG","straniero-a","2021-Q1","T1-2021",152.213,,
"IT","Italia","9","totale","Y15-89","15-89 anni","99","totale","FRG","straniero-a","2021-Q2","T2-2021",161.29,,
"IT","Italia","9","totale","Y15-89","15-89 anni","99","totale","FRG","straniero-a","2021-Q3","T3-2021",178.666,,
"IT","Italia","9","totale","Y15-89","15-89 anni","99","totale","FRG","straniero-a","2021-Q4","T4-2021",167.199,,
"IT","Italia","9","totale","Y15-89","15-89 anni","99","totale","FRG","straniero-a","2022-Q1","T1-2022",140.943,,
"IT","Italia","9","totale","Y15-89","15-89 anni","99","totale","FRG","straniero-a","2022-Q2","T2-2022",151.199,,
"IT","Italia","9","totale","Y15-89","15-89 anni","99","totale","FRG","straniero-a","2022-Q3","T3-2022",165.078,,
"IT","Italia","9","totale","Y15-89","15-89 anni","99","totale","FRG","straniero-a","2022-Q4","T4-2022",162.058,,
"IT","Italia","1","maschi","Y15-89","15-89 anni","99","totale","FRG","straniero-a","2018","2018",120.654,,
"IT","Italia","1","maschi","Y15-89","15-89 anni","99","totale","FRG","straniero-a","2018-Q2","T2-2018",121.119,,
"IT","Italia","1","maschi","Y15-89","15-89 anni","99","totale","FRG","straniero-a","2018-Q1","T1-2018",111.689,,
"IT","Italia","1","maschi","Y15-89","15-89 anni","99","totale","FRG","straniero-a","2018-Q4","T4-2018",130.669,,
"IT","Italia","1","maschi","Y15-89","15-89 anni","99","totale","FRG","straniero-a","2018-Q3","T3-2018",119.14,,
"IT","Italia","1","maschi","Y15-89","15-89 anni","99","totale","FRG","straniero-a","2019","2019",126.585,,
"IT","Italia","1","maschi","Y15-89","15-89 anni","99","totale","FRG","straniero-a","2019-Q1","T1-2019",121.282,,
"IT","Italia","1","maschi","Y15-89","15-89 anni","99","totale","FRG","straniero-a","2019-Q2","T2-2019",121.167,,
"IT","Italia","1","maschi","Y15-89","15-89 anni","99","totale","FRG","straniero-a","2019-Q4","T4-2019",129.48,,
"IT","Italia","1","maschi","Y15-89","15-89 anni","99","totale","FRG","straniero-a","2019-Q3","T3-2019",134.413,,
"IT","Italia","1","maschi","Y15-89","15-89 anni","99","totale","FRG","straniero-a","2020","2020",131.403,,
"IT","Italia","1","maschi","Y15-89","15-89 anni","99","totale","FRG","straniero-a","2020-Q2","T2-2020",121.615,,
"IT","Italia","1","maschi","Y15-89","15-89 anni","99","totale","FRG","straniero-a","2020-Q1","T1-2020",129.859,,
"IT","Italia","1","maschi","Y15-89","15-89 anni","99","totale","FRG","straniero-a","2020-Q3","T3-2020",138.491,,
"IT","Italia","1","maschi","Y15-89","15-89 anni","99","totale","FRG","straniero-a","2020-Q4","T4-2020",135.648,,
"IT","Italia","1","maschi","Y15-89","15-89 anni","99","totale","FRG","straniero-a","2021","2021",134.626,,
"IT","Italia","1","maschi","Y15-89","15-89 anni","99","totale","FRG","straniero-a","2022","2022",127.328,,
"IT","Italia","1","maschi","Y15-89","15-89 anni","99","totale","FRG","straniero-a","2021-Q1","T1-2021",118.632,,
"IT","Italia","1","maschi","Y15-89","15-89 anni","99","totale","FRG","straniero-a","2021-Q2","T2-2021",130.183,,
"IT","Italia","1","maschi","Y15-89","15-89 anni","99","totale","FRG","straniero-a","2021-Q3","T3-2021",147.06,,
"IT","Italia","1","maschi","Y15-89","15-89 anni","99","totale","FRG","straniero-a","2021-Q4","T4-2021",142.63,,
"IT","Italia","1","maschi","Y15-89","15-89 anni","99","totale","FRG","straniero-a","2022-Q1","T1-2022",115.603,,
"IT","Italia","1","maschi","Y15-89","15-89 anni","99","totale","FRG","straniero-a","2022-Q2","T2-2022",126.308,,
"IT","Italia","1","maschi","Y15-89","15-89 anni","99","totale","FRG","straniero-a","2022-Q3","T3-2022",131.058,,
"IT","Italia","1","maschi","Y15-89","15-89 anni","99","totale","FRG","straniero-a","2022-Q4","T4-2022",136.344,,
"IT","Italia","2","femmine","Y15-89","15-89 anni","99","totale","FRG","straniero-a","2018","2018",4.856,,
"IT","Italia","2","femmine","Y15-89","15-89 anni","99","totale","FRG","straniero-a","2018-Q2","T2-2018",4.885,,
"IT","Italia","2","femmine","Y15-89","15-89 anni","99","totale","FRG","straniero-a","2018-Q1","T1-2018",5.813,,
"IT","Italia","2","femmine","Y15-89","15-89 anni","99","totale","FRG","straniero-a","2018-Q4","T4-2018",4.997,,
"IT","Italia","2","femmine","Y15-89","15-89 anni","99","totale","FRG","straniero-a","2018-Q3","T3-2018",3.73,,
"IT","Italia","2","femmine","Y15-89","15-89 anni","99","totale","FRG","straniero-a","2019","2019",6.366,,
"IT","Italia","2","femmine","Y15-89","15-89 anni","99","totale","FRG","straniero-a","2019-Q1","T1-2019",4.989,,
"IT","Italia","2","femmine","Y15-89","15-89 anni","99","totale","FRG","straniero-a","2019-Q2","T2-2019",6.723,,
"IT","Italia","2","femmine","Y15-89","15-89 anni","99","totale","FRG","straniero-a","2019-Q4","T4-2019",6.843,,
"IT","Italia","2","femmine","Y15-89","15-89 anni","99","totale","FRG","straniero-a","2019-Q3","T3-2019",6.909,,
"IT","Italia","2","femmine","Y15-89","15-89 anni","99","totale","FRG","straniero-a","2020","2020",4.472,,
"IT","Italia","2","femmine","Y15-89","15-89 anni","99","totale","FRG","straniero-a","2020-Q2","T2-2020",5.54,,
"IT","Italia","2","femmine","Y15-89","15-89 anni","99","totale","FRG","straniero-a","2020-Q1","T1-2020",5.322,,
"IT","Italia","2","femmine","Y15-89","15-89 anni","99","totale","FRG","straniero-a","2020-Q3","T3-2020",3.203,,
"IT","Italia","2","femmine","Y15-89","15-89 anni","99","totale","FRG","straniero-a","2020-Q4","T4-2020",3.824,,
"IT","Italia","2","femmine","Y15-89","15-89 anni","99","totale","FRG","straniero-a","2021","2021",3.781,,
"IT","Italia","2","femmine","Y15-89","15-89 anni","99","totale","FRG","straniero-a","2022","2022",6.891,,
"IT","Italia","2","femmine","Y15-89","15-89 anni","99","totale","FRG","straniero-a","2021-Q1","T1-2021",0.983,,
"IT","Italia","2","femmine","Y15-89","15-89 anni","99","totale","FRG","straniero-a","2021-Q2","T2-2021",2.284,,
"IT","Italia","2","femmine","Y15-89","15-89 anni","99","totale","FRG","straniero-a","2021-Q3","T3-2021",4.766,,
"IT","Italia","2","femmine","Y15-89","15-89 anni","99","totale","FRG","straniero-a","2021-Q4","T4-2021",7.091,,
"IT","Italia","2","femmine","Y15-89","15-89 anni","99","totale","FRG","straniero-a","2022-Q1","T1-2022",6.01,,
"IT","Italia","2","femmine","Y15-89","15-89 anni","99","totale","FRG","straniero-a","2022-Q2","T2-2022",7.305,,
"IT","Italia","2","femmine","Y15-89","15-89 anni","99","totale","FRG","straniero-a","2022-Q3","T3-2022",6.891,,
"IT","Italia","2","femmine","Y15-89","15-89 anni","99","totale","FRG","straniero-a","2022-Q4","T4-2022",7.357,,
"IT","Italia","1","maschi","Y15-89","15-89 anni","99","totale","FRG","straniero-a","2018","2018",222.745,,
"IT","Italia","1","maschi","Y15-89","15-89 anni","99","totale","FRG","straniero-a","2018-Q2","T2-2018",219.116,,
"IT","Italia","1","maschi","Y15-89","15-89 anni","99","totale","FRG","straniero-a","2018-Q1","T1-2018",211.962,,
"IT","Italia","1","maschi","Y15-89","15-89 anni","99","totale","FRG","straniero-a","2018-Q4","T4-2018",227.234,,
"IT","Italia","1","maschi","Y15-89","15-89 anni","99","totale","FRG","straniero-a","2018-Q3","T3-2018",232.668,,
"IT","Italia","1","maschi","Y15-89","15-89 anni","99","totale","FRG","straniero-a","2019","2019",215.978,,
"IT","Italia","1","maschi","Y15-89","15-89 anni","99","totale","FRG","straniero-a","2019-Q1","T1-2019",207.281,,
"IT","Italia","1","maschi","Y15-89","15-89 anni","99","totale","FRG","straniero-a","2019-Q2","T2-2019",216.37,,
"IT","Italia","1","maschi","Y15-89","15-89 anni","99","totale","FRG","straniero-a","2019-Q4","T4-2019",225.896,,
"IT","Italia","1","maschi","Y15-89","15-89 anni","99","totale","FRG","straniero-a","2019-Q3","T3-2019",214.363,,
"IT","Italia","1","maschi","Y15-89","15-89 anni","99","totale","FRG","straniero-a","2020","2020",211.709,,
"IT","Italia","1","maschi","Y15-89","15-89 anni","99","totale","FRG","straniero-a","2020-Q2","T2-2020",178.955,,
"IT","Italia","1","maschi","Y15-89","15-89 anni","99","totale","FRG","straniero-a","2020-Q1","T1-2020",218.337,,
"IT","Italia","1","maschi","Y15-89","15-89 anni","99","totale","FRG","straniero-a","2020-Q3","T3-2020",215.279,,
"IT","Italia","1","maschi","Y15-89","15-89 anni","99","totale","FRG","straniero-a","2020-Q4","T4-2020",234.266,,
"IT","Italia","1","maschi","Y15-89","15-89 anni","99","totale","FRG","straniero-a","2021","2021",218.135,,
"IT","Italia","1","maschi","Y15-89","15-89 anni","99","totale","FRG","straniero-a","2022","2022",235.681,,
"IT","Italia","1","maschi","Y15-89","15-89 anni","99","totale","FRG","straniero-a","2021-Q1","T1-2021",227.555,,
"IT","Italia","1","maschi","Y15-89","15-89 anni","99","totale","FRG","straniero-a","2021-Q2","T2-2021",213.907,,
"IT","Italia","1","maschi","Y15-89","15-89 anni","99","totale","FRG","straniero-a","2021-Q3","T3-2021",204.485,,
"IT","Italia","1","maschi","Y15-89","15-89 anni","99","totale","FRG","straniero-a","2021-Q4","T4-2021",226.593,,
"IT","Italia","1","maschi","Y15-89","15-89 anni","99","totale","FRG","straniero-a","2022-Q1","T1-2022",223.169,,
"IT","Italia","1","maschi","Y15-89","15-89 anni","99","totale","FRG","straniero-a","2022-Q2","T2-2022",238.111,,
"IT","Italia","1","maschi","Y15-89","15-89 anni","99","totale","FRG","straniero-a","2022-Q3","T3-2022",235.047,,
"IT","Italia","1","maschi","Y15-89","15-89 anni","99","totale","FRG","straniero-a","2022-Q4","T4-2022",246.396,,
"IT","Italia","9","totale","Y15-89","15-89 anni","99","totale","FRG","straniero-a","2018","2018",227.601,,
"IT","Italia","9","totale","Y15-89","15-89 anni","99","totale","FRG","straniero-a","2018-Q2","T2-2018",224.001,,
"IT","Italia","9","totale","Y15-89","15-89 anni","99","totale","FRG","straniero-a","2018-Q1","T1-2018",217.775,,
"IT","Italia","9","totale","Y15-89","15-89 anni","99","totale","FRG","straniero-a","2018-Q4","T4-2018",232.231,,
"IT","Italia","9","totale","Y15-89","15-89 anni","99","totale","FRG","straniero-a","2018-Q3","T3-2018",236.398,,
"IT","Italia","9","totale","Y15-89","15-89 anni","99","totale","FRG","straniero-a","2019","2019",222.343,,
"IT","Italia","9","totale","Y15-89","15-89 anni","99","totale","FRG","straniero-a","2019-Q1","T1-2019",212.27,,
"IT","Italia","9","totale","Y15-89","15-89 anni","99","totale","FRG","straniero-a","2019-Q2","T2-2019",223.092,,
"IT","Italia","9","totale","Y15-89","15-89 anni","99","totale","FRG","straniero-a","2019-Q4","T4-2019",232.739,,
"IT","Italia","9","totale","Y15-89","15-89 anni","99","totale","FRG","straniero-a","2019-Q3","T3-2019",221.272,,
"IT","Italia","9","totale","Y15-89","15-89 anni","99","totale","FRG","straniero-a","2020","2020",216.182,,
"IT","Italia","9","totale","Y15-89","15-89 anni","99","totale","FRG","straniero-a","2020-Q2","T2-2020",184.495,,
"IT","Italia","9","totale","Y15-89","15-89 anni","99","totale","FRG","straniero-a","2020-Q1","T1-2020",223.659,,
"IT","Italia","9","totale","Y15-89","15-89 anni","99","totale","FRG","straniero-a","2020-Q3","T3-2020",218.482,,
"IT","Italia","9","totale","Y15-89","15-89 anni","99","totale","FRG","straniero-a","2020-Q4","T4-2020",238.09,,
"IT","Italia","9","totale","Y15-89","15-89 anni","99","totale","FRG","straniero-a","2021","2021",221.916,,
"IT","Italia","9","totale","Y15-89","15-89 anni","99","totale","FRG","straniero-a","2022","2022",242.572,,
"IT","Italia","9","totale","Y15-89","15-89 anni","99","totale","FRG","straniero-a","2021-Q1","T1-2021",228.539,,
"IT","Italia","9","totale","Y15-89","15-89 anni","99","totale","FRG","straniero-a","2021-Q2","T2-2021",216.192,,
"IT","Italia","9","totale","Y15-89","15-89 anni","99","totale","FRG","straniero-a","2021-Q3","T3-2021",209.251,,
"IT","Italia","9","totale","Y15-89","15-89 anni","99","totale","FRG","straniero-a","2021-Q4","T4-2021",233.684,,
"IT","Italia","9","totale","Y15-89","15-89 anni","99","totale","FRG","straniero-a","2022-Q1","T1-2022",229.179,,
"IT","Italia","9","totale","Y15-89","15-89 anni","99","totale","FRG","straniero-a","2022-Q2","T2-2022",245.415,,
"IT","Italia","9","totale","Y15-89","15-89 anni","99","totale","FRG","straniero-a","2022-Q3","T3-2022",241.938,,
"IT","Italia","9","totale","Y15-89","15-89 anni","99","totale","FRG","straniero-a","2022-Q4","T4-2022",253.754,,
"IT","Italia","2","femmine","Y15-89","15-89 anni","99","totale","FRG","straniero-a","2018","2018",27.036,,
"IT","Italia","2","femmine","Y15-89","15-89 anni","99","totale","FRG","straniero-a","2018-Q2","T2-2018",33.109,,
"IT","Italia","2","femmine","Y15-89","15-89 anni","99","totale","FRG","straniero-a","2018-Q1","T1-2018",20.211,,
"IT","Italia","2","femmine","Y15-89","15-89 anni","99","totale","FRG","straniero-a","2018-Q4","T4-2018",22.483,,
"IT","Italia","2","femmine","Y15-89","15-89 anni","99","totale","FRG","straniero-a","2018-Q3","T3-2018",32.34,,
"IT","Italia","2","femmine","Y15-89","15-89 anni","99","totale","FRG","straniero-a","2019","2019",30.868,,
"IT","Italia","2","femmine","Y15-89","15-89 anni","99","totale","FRG","straniero-a","2019-Q1","T1-2019",23.593,,
"IT","Italia","2","femmine","Y15-89","15-89 anni","99","totale","FRG","straniero-a","2019-Q2","T2-2019",28.587,,
"IT","Italia","2","femmine","Y15-89","15-89 anni","99","totale","FRG","straniero-a","2019-Q4","T4-2019",33.585,,
"IT","Italia","2","femmine","Y15-89","15-89 anni","99","totale","FRG","straniero-a","2019-Q3","T3-2019",37.705,,
"IT","Italia","2","femmine","Y15-89","15-89 anni","99","totale","FRG","straniero-a","2020","2020",29.647,,
"IT","Italia","2","femmine","Y15-89","15-89 anni","99","totale","FRG","straniero-a","2020-Q2","T2-2020",26.696,,
"IT","Italia","2","femmine","Y15-89","15-89 anni","99","totale","FRG","straniero-a","2020-Q1","T1-2020",23.974,,
"IT","Italia","2","femmine","Y15-89","15-89 anni","99","totale","FRG","straniero-a","2020-Q3","T3-2020",34.746,,
"IT","Italia","2","femmine","Y15-89","15-89 anni","99","totale","FRG","straniero-a","2020-Q4","T4-2020",33.171,,
"IT","Italia","2","femmine","Y15-89","15-89 anni","99","totale","FRG","straniero-a","2021","2021",30.216,,
"IT","Italia","2","femmine","Y15-89","15-89 anni","99","totale","FRG","straniero-a","2022","2022",27.491,,
"IT","Italia","2","femmine","Y15-89","15-89 anni","99","totale","FRG","straniero-a","2021-Q1","T1-2021",33.581,,
"IT","Italia","2","femmine","Y15-89","15-89 anni","99","totale","FRG","straniero-a","2021-Q2","T2-2021",31.107,,
"IT","Italia","2","femmine","Y15-89","15-89 anni","99","totale","FRG","straniero-a","2021-Q3","T3-2021",31.606,,
"IT","Italia","2","femmine","Y15-89","15-89 anni","99","totale","FRG","straniero-a","2021-Q4","T4-2021",24.57,,
"IT","Italia","2","femmine","Y15-89","15-89 anni","99","totale","FRG","straniero-a","2022-Q1","T1-2022",25.34,,
"IT","Italia","2","femmine","Y15-89","15-89 anni","99","totale","FRG","straniero-a","2022-Q2","T2-2022",24.891,,
"IT","Italia","2","femmine","Y15-89","15-89 anni","99","totale","FRG","straniero-a","2022-Q3","T3-2022",34.02,,
"IT","Italia","2","femmine","Y15-89","15-89 anni","99","totale","FRG","straniero-a","2022-Q4","T4-2022",25.714,,
"IT","Italia","1","maschi","Y15-89","15-89 anni","13","nessun titolo di studio, licenza di scuola elementare e media","FRG","straniero-a","2018","2018",744.42,,
"IT","Italia","1","maschi","Y15-89","15-89 anni","13","nessun titolo di studio, licenza di scuola elementare e media","FRG","straniero-a","2018-Q2","T2-2018",749.648,,
"IT","Italia","1","maschi","Y15-89","15-89 anni","13","nessun titolo di studio, licenza di scuola elementare e media","FRG","straniero-a","2018-Q1","T1-2018",727.628,,
"IT","Italia","1","maschi","Y15-89","15-89 anni","13","nessun titolo di studio, licenza di scuola elementare e media","FRG","straniero-a","2018-Q4","T4-2018",755.319,,
"IT","Italia","1","maschi","Y15-89","15-89 anni","13","nessun titolo di studio, licenza di scuola elementare e media","FRG","straniero-a","2018-Q3","T3-2018",745.084,,
"IT","Italia","1","maschi","Y15-89","15-89 anni","13","nessun titolo di studio, licenza di scuola elementare e media","FRG","straniero-a","2019","2019",771.603,,
"IT","Italia","1","maschi","Y15-89","15-89 anni","13","nessun titolo di studio, licenza di scuola elementare e media","FRG","straniero-a","2019-Q1","T1-2019",770.704,,
"IT","Italia","1","maschi","Y15-89","15-89 anni","13","nessun titolo di studio, licenza di scuola elementare e media","FRG","straniero-a","2019-Q2","T2-2019",789.772,,
"IT","Italia","1","maschi","Y15-89","15-89 anni","13","nessun titolo di studio, licenza di scuola elementare e media","FRG","straniero-a","2019-Q4","T4-2019",757.841,,
"IT","Italia","1","maschi","Y15-89","15-89 anni","13","nessun titolo di studio, licenza di scuola elementare e media","FRG","straniero-a","2019-Q3","T3-2019",768.097,,
"IT","Italia","1","maschi","Y15-89","15-89 anni","13","nessun titolo di studio, licenza di scuola elementare e media","FRG","straniero-a","2020","2020",740.3,,
"IT","Italia","1","maschi","Y15-89","15-89 anni","13","nessun titolo di studio, licenza di scuola elementare e media","FRG","straniero-a","2020-Q2","T2-2020",727.748,,
"IT","Italia","1","maschi","Y15-89","15-89 anni","13","nessun titolo di studio, licenza di scuola elementare e media","FRG","straniero-a","2020-Q1","T1-2020",746.226,,
"IT","Italia","1","maschi","Y15-89","15-89 anni","13","nessun titolo di studio, licenza di scuola elementare e media","FRG","straniero-a","2020-Q3","T3-2020",761.108,,
"IT","Italia","1","maschi","Y15-89","15-89 anni","13","nessun titolo di studio, licenza di scuola elementare e media","FRG","straniero-a","2020-Q4","T4-2020",726.119,,
"IT","Italia","1","maschi","Y15-89","15-89 anni","13","nessun titolo di studio, licenza di scuola elementare e media","FRG","straniero-a","2021","2021",750.505,,
"IT","Italia","1","maschi","Y15-89","15-89 anni","13","nessun titolo di studio, licenza di scuola elementare e media","FRG","straniero-a","2022","2022",762.022,,
"IT","Italia","1","maschi","Y15-89","15-89 anni","13","nessun titolo di studio, licenza di scuola elementare e media","FRG","straniero-a","2021-Q1","T1-2021",681.182,,
"IT","Italia","1","maschi","Y15-89","15-89 anni","13","nessun titolo di studio, licenza di scuola elementare e media","FRG","straniero-a","2021-Q2","T2-2021",723.458,,
"IT","Italia","1","maschi","Y15-89","15-89 anni","13","nessun titolo di studio, licenza di scuola elementare e media","FRG","straniero-a","2021-Q3","T3-2021",796.357,,
"IT","Italia","1","maschi","Y15-89","15-89 anni","13","nessun titolo di studio, licenza di scuola elementare e media","FRG","straniero-a","2021-Q4","T4-2021",801.024,,
"IT","Italia","1","maschi","Y15-89","15-89 anni","13","nessun titolo di studio, licenza di scuola elementare e media","FRG","straniero-a","2022-Q1","T1-2022",757.774,,
"IT","Italia","1","maschi","Y15-89","15-89 anni","13","nessun titolo di studio, licenza di scuola elementare e media","FRG","straniero-a","2022-Q2","T2-2022",782.334,,
"IT","Italia","1","maschi","Y15-89","15-89 anni","13","nessun titolo di studio, licenza di scuola elementare e media","FRG","straniero-a","2022-Q3","T3-2022",747.477,,
"IT","Italia","1","maschi","Y15-89","15-89 anni","13","nessun titolo di studio, licenza di scuola elementare e media","FRG","straniero-a","2022-Q4","T4-2022",760.504,,
"IT","Italia","9","totale","Y15-89","15-89 anni","99","totale","FRG","straniero-a","2018","2018",2337.399,,
"IT","Italia","9","totale","Y15-89","15-89 anni","99","totale","FRG","straniero-a","2018-Q2","T2-2018",2367.031,,
"IT","Italia","9","totale","Y15-89","15-89 anni","99","totale","FRG","straniero-a","2018-Q1","T1-2018",2253.891,,
"IT","Italia","9","totale","Y15-89","15-89 anni","99","totale","FRG","straniero-a","2018-Q4","T4-2018",2330.784,,
"IT","Italia","9","totale","Y15-89","15-89 anni","99","totale","FRG","straniero-a","2018-Q3","T3-2018",2397.889,,
"IT","Italia","9","totale","Y15-89","15-89 anni","99","totale","FRG","straniero-a","2019","2019",2379.704,,
"IT","Italia","9","totale","Y15-89","15-89 anni","99","totale","FRG","straniero-a","2019-Q1","T1-2019",2326.565,,
"IT","Italia","9","totale","Y15-89","15-89 anni","99","totale","FRG","straniero-a","2019-Q2","T2-2019",2396.356,,
"IT","Italia","9","totale","Y15-89","15-89 anni","99","totale","FRG","straniero-a","2019-Q4","T4-2019",2365.117,,
"IT","Italia","9","totale","Y15-89","15-89 anni","99","totale","FRG","straniero-a","2019-Q3","T3-2019",2430.78,,
"IT","Italia","9","totale","Y15-89","15-89 anni","99","totale","FRG","straniero-a","2020","2020",2204.144,,
"IT","Italia","9","totale","Y15-89","15-89 anni","99","totale","FRG","straniero-a","2020-Q2","T2-2020",2115.858,,
"IT","Italia","9","totale","Y15-89","15-89 anni","99","totale","FRG","straniero-a","2020-Q1","T1-2020",2243.761,,
"IT","Italia","9","totale","Y15-89","15-89 anni","99","totale","FRG","straniero-a","2020-Q3","T3-2020",2263.002,,
"IT","Italia","9","totale","Y15-89","15-89 anni","99","totale","FRG","straniero-a","2020-Q4","T4-2020",2193.956,,
"IT","Italia","9","totale","Y15-89","15-89 anni","99","totale","FRG","straniero-a","2021","2021",2257.093,,
"IT","Italia","9","totale","Y15-89","15-89 anni","99","totale","FRG","straniero-a","2022","2022",2374.471,,
"IT","Italia","9","totale","Y15-89","15-89 anni","99","totale","FRG","straniero-a","2021-Q1","T1-2021",2102.068,,
"IT","Italia","9","totale","Y15-89","15-89 anni","99","totale","FRG","straniero-a","2021-Q2","T2-2021",2202.703,,
"IT","Italia","9","totale","Y15-89","15-89 anni","99","totale","FRG","straniero-a","2021-Q3","T3-2021",2332.813,,
"IT","Italia","9","totale","Y15-89","15-89 anni","99","totale","FRG","straniero-a","2021-Q4","T4-2021",2390.791,,
"IT","Italia","9","totale","Y15-89","15-89 anni","99","totale","FRG","straniero-a","2022-Q1","T1-2022",2336.856,,
"IT","Italia","9","totale","Y15-89","15-89 anni","99","totale","FRG","straniero-a","2022-Q2","T2-2022",2382.439,,
"IT","Italia","9","totale","Y15-89","15-89 anni","99","totale","FRG","straniero-a","2022-Q3","T3-2022",2422.2,,
"IT","Italia","9","totale","Y15-89","15-89 anni","99","totale","FRG","straniero-a","2022-Q4","T4-2022",2356.389,,
"IT","Italia","1","maschi","Y15-89","15-89 anni","11","laurea e post-laurea","FRG","straniero-a","2018","2018",115.786,,
"IT","Italia","1","maschi","Y15-89","15-89 anni","11","laurea e post-laurea","FRG","straniero-a","2018-Q2","T2-2018",125.31,,
"IT","Italia","1","maschi","Y15-89","15-89 anni","11","laurea e post-laurea","FRG","straniero-a","2018-Q1","T1-2018",108.164,,
"IT","Italia","1","maschi","Y15-89","15-89 anni","11","laurea e post-laurea","FRG","straniero-a","2018-Q4","T4-2018",103.748,,
"IT","Italia","1","maschi","Y15-89","15-89 anni","11","laurea e post-laurea","FRG","straniero-a","2018-Q3","T3-2018",125.922,,
"IT","Italia","1","maschi","Y15-89","15-89 anni","11","laurea e post-laurea","FRG","straniero-a","2019","2019",115.743,,
"IT","Italia","1","maschi","Y15-89","15-89 anni","11","laurea e post-laurea","FRG","straniero-a","2019-Q1","T1-2019",98.331,,
"IT","Italia","1","maschi","Y15-89","15-89 anni","11","laurea e post-laurea","FRG","straniero-a","2019-Q2","T2-2019",127.629,,
"IT","Italia","1","maschi","Y15-89","15-89 anni","11","laurea e post-laurea","FRG","straniero-a","2019-Q4","T4-2019",111.16,,
"IT","Italia","1","maschi","Y15-89","15-89 anni","11","laurea e post-laurea","FRG","straniero-a","2019-Q3","T3-2019",125.851,,
"IT","Italia","1","maschi","Y15-89","15-89 anni","11","laurea e post-laurea","FRG","straniero-a","2020","2020",102.315,,
"IT","Italia","1","maschi","Y15-89","15-89 anni","11","laurea e post-laurea","FRG","straniero-a","2020-Q2","T2-2020",96.41,,
"IT","Italia","1","maschi","Y15-89","15-89 anni","11","laurea e post-laurea","FRG","straniero-a","2020-Q1","T1-2020",98.978,,
"IT","Italia","1","maschi","Y15-89","15-89 anni","11","laurea e post-laurea","FRG","straniero-a","2020-Q3","T3-2020",105.921,,
"IT","Italia","1","maschi","Y15-89","15-89 anni","11","laurea e post-laurea","FRG","straniero-a","2020-Q4","T4-2020",107.951,,
"IT","Italia","1","maschi","Y15-89","15-89 anni","11","laurea e post-laurea","FRG","straniero-a","2021","2021",98.717,,
"IT","Italia","1","maschi","Y15-89","15-89 anni","11","laurea e post-laurea","FRG","straniero-a","2022","2022",115.702,,
"IT","Italia","1","maschi","Y15-89","15-89 anni","11","laurea e post-laurea","FRG","straniero-a","2021-Q1","T1-2021",79.918,,
"IT","Italia","1","maschi","Y15-89","15-89 anni","11","laurea e post-laurea","FRG","straniero-a","2021-Q2","T2-2021",94.43,,
"IT","Italia","1","maschi","Y15-89","15-89 anni","11","laurea e post-laurea","FRG","straniero-a","2021-Q3","T3-2021",104.797,,
"IT","Italia","1","maschi","Y15-89","15-89 anni","11","laurea e post-laurea","FRG","straniero-a","2021-Q4","T4-2021",115.722,,
"IT","Italia","1","maschi","Y15-89","15-89 anni","11","laurea e post-laurea","FRG","straniero-a","2022-Q1","T1-2022",104.817,,
"IT","Italia","1","maschi","Y15-89","15-89 anni","11","laurea e post-laurea","FRG","straniero-a","2022-Q2","T2-2022",119.607,,
"IT","Italia","1","maschi","Y15-89","15-89 anni","11","laurea e post-laurea","FRG","straniero-a","2022-Q3","T3-2022",116.718,,
"IT","Italia","1","maschi","Y15-89","15-89 anni","11","laurea e post-laurea","FRG","straniero-a","2022-Q4","T4-2022",121.666,,
"IT","Italia","2","femmine","Y15-89","15-89 anni","7","diploma","FRG","straniero-a","2018","2018",429.011,,
"IT","Italia","2","femmine","Y15-89","15-89 anni","7","diploma","FRG","straniero-a","2018-Q2","T2-2018",424.576,,
"IT","Italia","2","femmine","Y15-89","15-89 anni","7","diploma","FRG","straniero-a","2018-Q1","T1-2018",418.734,,
"IT","Italia","2","femmine","Y15-89","15-89 anni","7","diploma","FRG","straniero-a","2018-Q4","T4-2018",431.504,,
"IT","Italia","2","femmine","Y15-89","15-89 anni","7","diploma","FRG","straniero-a","2018-Q3","T3-2018",441.229,,
"IT","Italia","2","femmine","Y15-89","15-89 anni","7","diploma","FRG","straniero-a","2019","2019",423.25,,
"IT","Italia","2","femmine","Y15-89","15-89 anni","7","diploma","FRG","straniero-a","2019-Q1","T1-2019",420.247,,
"IT","Italia","2","femmine","Y15-89","15-89 anni","7","diploma","FRG","straniero-a","2019-Q2","T2-2019",413.176,,
"IT","Italia","2","femmine","Y15-89","15-89 anni","7","diploma","FRG","straniero-a","2019-Q4","T4-2019",416.017,,
"IT","Italia","2","femmine","Y15-89","15-89 anni","7","diploma","FRG","straniero-a","2019-Q3","T3-2019",443.56,,
"IT","Italia","2","femmine","Y15-89","15-89 anni","7","diploma","FRG","straniero-a","2020","2020",369.112,,
"IT","Italia","2","femmine","Y15-89","15-89 anni","7","diploma","FRG","straniero-a","2020-Q2","T2-2020",355.8,,
"IT","Italia","2","femmine","Y15-89","15-89 anni","7","diploma","FRG","straniero-a","2020-Q1","T1-2020",375.464,,
"IT","Italia","2","femmine","Y15-89","15-89 anni","7","diploma","FRG","straniero-a","2020-Q3","T3-2020",387.113,,
"IT","Italia","2","femmine","Y15-89","15-89 anni","7","diploma","FRG","straniero-a","2020-Q4","T4-2020",358.07,,
"IT","Italia","2","femmine","Y15-89","15-89 anni","7","diploma","FRG","straniero-a","2021","2021",420.999,,
"IT","Italia","2","femmine","Y15-89","15-89 anni","7","diploma","FRG","straniero-a","2022","2022",450.222,,
"IT","Italia","2","femmine","Y15-89","15-89 anni","7","diploma","FRG","straniero-a","2021-Q1","T1-2021",394.218,,
"IT","Italia","2","femmine","Y15-89","15-89 anni","7","diploma","FRG","straniero-a","2021-Q2","T2-2021",425.395,,
"IT","Italia","2","femmine","Y15-89","15-89 anni","7","diploma","FRG","straniero-a","2021-Q3","T3-2021",421.348,,
"IT","Italia","2","femmine","Y15-89","15-89 anni","7","diploma","FRG","straniero-a","2021-Q4","T4-2021",443.037,,
"IT","Italia","2","femmine","Y15-89","15-89 anni","7","diploma","FRG","straniero-a","2022-Q1","T1-2022",430.86,,
"IT","Italia","2","femmine","Y15-89","15-89 anni","7","diploma","FRG","straniero-a","2022-Q2","T2-2022",449.555,,
"IT","Italia","2","femmine","Y15-89","15-89 anni","7","diploma","FRG","straniero-a","2022-Q3","T3-2022",463.04,,
"IT","Italia","2","femmine","Y15-89","15-89 anni","7","diploma","FRG","straniero-a","2022-Q4","T4-2022",457.433,,
"IT","Italia","1","maschi","Y15-89","15-89 anni","7","diploma","FRG","straniero-a","2018","2018",436.353,,
"IT","Italia","1","maschi","Y15-89","15-89 anni","7","diploma","FRG","straniero-a","2018-Q2","T2-2018",440.171,,
"IT","Italia","1","maschi","Y15-89","15-89 anni","7","diploma","FRG","straniero-a","2018-Q1","T1-2018",403.806,,
"IT","Italia","1","maschi","Y15-89","15-89 anni","7","diploma","FRG","straniero-a","2018-Q4","T4-2018",437.005,,
"IT","Italia","1","maschi","Y15-89","15-89 anni","7","diploma","FRG","straniero-a","2018-Q3","T3-2018",464.429,,
"IT","Italia","1","maschi","Y15-89","15-89 anni","7","diploma","FRG","straniero-a","2019","2019",451.242,,
"IT","Italia","1","maschi","Y15-89","15-89 anni","7","diploma","FRG","straniero-a","2019-Q1","T1-2019",426.878,,
"IT","Italia","1","maschi","Y15-89","15-89 anni","7","diploma","FRG","straniero-a","2019-Q2","T2-2019",443.794,,
"IT","Italia","1","maschi","Y15-89","15-89 anni","7","diploma","FRG","straniero-a","2019-Q4","T4-2019",468.492,,
"IT","Italia","1","maschi","Y15-89","15-89 anni","7","diploma","FRG","straniero-a","2019-Q3","T3-2019",465.804,,
"IT","Italia","1","maschi","Y15-89","15-89 anni","7","diploma","FRG","straniero-a","2020","2020",438.241,,
"IT","Italia","1","maschi","Y15-89","15-89 anni","7","diploma","FRG","straniero-a","2020-Q2","T2-2020",409.832,,
"IT","Italia","1","maschi","Y15-89","15-89 anni","7","diploma","FRG","straniero-a","2020-Q1","T1-2020",460.55,,
"IT","Italia","1","maschi","Y15-89","15-89 anni","7","diploma","FRG","straniero-a","2020-Q3","T3-2020",432.998,,
"IT","Italia","1","maschi","Y15-89","15-89 anni","7","diploma","FRG","straniero-a","2020-Q4","T4-2020",449.585,,
"IT","Italia","1","maschi","Y15-89","15-89 anni","7","diploma","FRG","straniero-a","2021","2021",458.685,,
"IT","Italia","1","maschi","Y15-89","15-89 anni","7","diploma","FRG","straniero-a","2022","2022",506.847,,
"IT","Italia","1","maschi","Y15-89","15-89 anni","7","diploma","FRG","straniero-a","2021-Q1","T1-2021",453.851,,
"IT","Italia","1","maschi","Y15-89","15-89 anni","7","diploma","FRG","straniero-a","2021-Q2","T2-2021",452.766,,
"IT","Italia","1","maschi","Y15-89","15-89 anni","7","diploma","FRG","straniero-a","2021-Q3","T3-2021",446.618,,
"IT","Italia","1","maschi","Y15-89","15-89 anni","7","diploma","FRG","straniero-a","2021-Q4","T4-2021",481.504,,
"IT","Italia","1","maschi","Y15-89","15-89 anni","7","diploma","FRG","straniero-a","2022-Q1","T1-2022",504.203,,
"IT","Italia","1","maschi","Y15-89","15-89 anni","7","diploma","FRG","straniero-a","2022-Q2","T2-2022",489.543,,
"IT","Italia","1","maschi","Y15-89","15-89 anni","7","diploma","FRG","straniero-a","2022-Q3","T3-2022",539.965,,
"IT","Italia","1","maschi","Y15-89","15-89 anni","7","diploma","FRG","straniero-a","2022-Q4","T4-2022",493.676,,
"IT","Italia","2","femmine","Y15-89","15-89 anni","99","totale","FRG","straniero-a","2018","2018",1040.84,,
"IT","Italia","2","femmine","Y15-89","15-89 anni","99","totale","FRG","straniero-a","2018-Q2","T2-2018",1051.903,,
"IT","Italia","2","femmine","Y15-89","15-89 anni","99","totale","FRG","straniero-a","2018-Q1","T1-2018",1014.294,,
"IT","Italia","2","femmine","Y15-89","15-89 anni","99","totale","FRG","straniero-a","2018-Q4","T4-2018",1034.711,,
"IT","Italia","2","femmine","Y15-89","15-89 anni","99","totale","FRG","straniero-a","2018-Q3","T3-2018",1062.454,,
"IT","Italia","2","femmine","Y15-89","15-89 anni","99","totale","FRG","straniero-a","2019","2019",1041.116,,
"IT","Italia","2","femmine","Y15-89","15-89 anni","99","totale","FRG","straniero-a","2019-Q1","T1-2019",1030.653,,
"IT","Italia","2","femmine","Y15-89","15-89 anni","99","totale","FRG","straniero-a","2019-Q2","T2-2019",1035.162,,
"IT","Italia","2","femmine","Y15-89","15-89 anni","99","totale","FRG","straniero-a","2019-Q4","T4-2019",1027.623,,
"IT","Italia","2","femmine","Y15-89","15-89 anni","99","totale","FRG","straniero-a","2019-Q3","T3-2019",1071.028,,
"IT","Italia","2","femmine","Y15-89","15-89 anni","99","totale","FRG","straniero-a","2020","2020",923.288,,
"IT","Italia","2","femmine","Y15-89","15-89 anni","99","totale","FRG","straniero-a","2020-Q2","T2-2020",881.868,,
"IT","Italia","2","femmine","Y15-89","15-89 anni","99","totale","FRG","straniero-a","2020-Q1","T1-2020",938.008,,
"IT","Italia","2","femmine","Y15-89","15-89 anni","99","totale","FRG","straniero-a","2020-Q3","T3-2020",962.975,,
"IT","Italia","2","femmine","Y15-89","15-89 anni","99","totale","FRG","straniero-a","2020-Q4","T4-2020",910.301,,
"IT","Italia","2","femmine","Y15-89","15-89 anni","99","totale","FRG","straniero-a","2021","2021",949.187,,
"IT","Italia","2","femmine","Y15-89","15-89 anni","99","totale","FRG","straniero-a","2022","2022",989.9,,
"IT","Italia","2","femmine","Y15-89","15-89 anni","99","totale","FRG","straniero-a","2021-Q1","T1-2021",887.117,,
"IT","Italia","2","femmine","Y15-89","15-89 anni","99","totale","FRG","straniero-a","2021-Q2","T2-2021",932.049,,
"IT","Italia","2","femmine","Y15-89","15-89 anni","99","totale","FRG","straniero-a","2021-Q3","T3-2021",985.041,,
"IT","Italia","2","femmine","Y15-89","15-89 anni","99","totale","FRG","straniero-a","2021-Q4","T4-2021",992.541,,
"IT","Italia","2","femmine","Y15-89","15-89 anni","99","totale","FRG","straniero-a","2022-Q1","T1-2022",970.062,,
"IT","Italia","2","femmine","Y15-89","15-89 anni","99","totale","FRG","straniero-a","2022-Q2","T2-2022",990.955,,
"IT","Italia","2","femmine","Y15-89","15-89 anni","99","totale","FRG","straniero-a","2022-Q3","T3-2022",1018.039,,
"IT","Italia","2","femmine","Y15-89","15-89 anni","99","totale","FRG","straniero-a","2022-Q4","T4-2022",980.544,,
"IT","Italia","9","totale","Y15-89","15-89 anni","11","laurea e post-laurea","FRG","straniero-a","2018","2018",297.01,,
"IT","Italia","9","totale","Y15-89","15-89 anni","11","laurea e post-laurea","FRG","straniero-a","2018-Q2","T2-2018",320.376,,
"IT","Italia","9","totale","Y15-89","15-89 anni","11","laurea e post-laurea","FRG","straniero-a","2018-Q1","T1-2018",292.278,,
"IT","Italia","9","totale","Y15-89","15-89 anni","11","laurea e post-laurea","FRG","straniero-a","2018-Q4","T4-2018",271.478,,
"IT","Italia","9","totale","Y15-89","15-89 anni","11","laurea e post-laurea","FRG","straniero-a","2018-Q3","T3-2018",303.909,,
"IT","Italia","9","totale","Y15-89","15-89 anni","11","laurea e post-laurea","FRG","straniero-a","2019","2019",289.511,,
"IT","Italia","9","totale","Y15-89","15-89 anni","11","laurea e post-laurea","FRG","straniero-a","2019-Q1","T1-2019",278.102,,
"IT","Italia","9","totale","Y15-89","15-89 anni","11","laurea e post-laurea","FRG","straniero-a","2019-Q2","T2-2019",303.594,,
"IT","Italia","9","totale","Y15-89","15-89 anni","11","laurea e post-laurea","FRG","straniero-a","2019-Q4","T4-2019",274.303,,
"IT","Italia","9","totale","Y15-89","15-89 anni","11","laurea e post-laurea","FRG","straniero-a","2019-Q3","T3-2019",302.045,,
"IT","Italia","9","totale","Y15-89","15-89 anni","11","laurea e post-laurea","FRG","straniero-a","2020","2020",249.331,,
"IT","Italia","9","totale","Y15-89","15-89 anni","11","laurea e post-laurea","FRG","straniero-a","2020-Q2","T2-2020",233.948,,
"IT","Italia","9","totale","Y15-89","15-89 anni","11","laurea e post-laurea","FRG","straniero-a","2020-Q1","T1-2020",248.243,,
"IT","Italia","9","totale","Y15-89","15-89 anni","11","laurea e post-laurea","FRG","straniero-a","2020-Q3","T3-2020",263.555,,
"IT","Italia","9","totale","Y15-89","15-89 anni","11","laurea e post-laurea","FRG","straniero-a","2020-Q4","T4-2020",251.578,,
"IT","Italia","9","totale","Y15-89","15-89 anni","11","laurea e post-laurea","FRG","straniero-a","2021","2021",244.92,,
"IT","Italia","9","totale","Y15-89","15-89 anni","11","laurea e post-laurea","FRG","straniero-a","2022","2022",273.407,,
"IT","Italia","9","totale","Y15-89","15-89 anni","11","laurea e post-laurea","FRG","straniero-a","2021-Q1","T1-2021",225.461,,
"IT","Italia","9","totale","Y15-89","15-89 anni","11","laurea e post-laurea","FRG","straniero-a","2021-Q2","T2-2021",241.788,,
"IT","Italia","9","totale","Y15-89","15-89 anni","11","laurea e post-laurea","FRG","straniero-a","2021-Q3","T3-2021",255.161,,
"IT","Italia","9","totale","Y15-89","15-89 anni","11","laurea e post-laurea","FRG","straniero-a","2021-Q4","T4-2021",257.271,,
"IT","Italia","9","totale","Y15-89","15-89 anni","11","laurea e post-laurea","FRG","straniero-a","2022-Q1","T1-2022",256.519,,
"IT","Italia","9","totale","Y15-89","15-89 anni","11","laurea e post-laurea","FRG","straniero-a","2022-Q2","T2-2022",278.357,,
"IT","Italia","9","totale","Y15-89","15-89 anni","11","laurea e post-laurea","FRG","straniero-a","2022-Q3","T3-2022",290.115,,
"IT","Italia","9","totale","Y15-89","15-89 anni","11","laurea e post-laurea","FRG","straniero-a","2022-Q4","T4-2022",268.636,,
"IT","Italia","9","totale","Y15-89","15-89 anni","13","nessun titolo di studio, licenza di scuola elementare e media","FRG","straniero-a","2018","2018",1175.025,,
"IT","Italia","9","totale","Y15-89","15-89 anni","13","nessun titolo di studio, licenza di scuola elementare e media","FRG","straniero-a","2018-Q2","T2-2018",1181.908,,
"IT","Italia","9","totale","Y15-89","15-89 anni","13","nessun titolo di studio, licenza di scuola elementare e media","FRG","straniero-a","2018-Q1","T1-2018",1139.073,,
"IT","Italia","9","totale","Y15-89","15-89 anni","13","nessun titolo di studio, licenza di scuola elementare e media","FRG","straniero-a","2018-Q4","T4-2018",1190.796,,
"IT","Italia","9","totale","Y15-89","15-89 anni","13","nessun titolo di studio, licenza di scuola elementare e media","FRG","straniero-a","2018-Q3","T3-2018",1188.322,,
"IT","Italia","9","totale","Y15-89","15-89 anni","13","nessun titolo di studio, licenza di scuola elementare e media","FRG","straniero-a","2019","2019",1215.702,,
"IT","Italia","9","totale","Y15-89","15-89 anni","13","nessun titolo di studio, licenza di scuola elementare e media","FRG","straniero-a","2019-Q1","T1-2019",1201.339,,
"IT","Italia","9","totale","Y15-89","15-89 anni","13","nessun titolo di studio, licenza di scuola elementare e media","FRG","straniero-a","2019-Q2","T2-2019",1235.792,,
"IT","Italia","9","totale","Y15-89","15-89 anni","13","nessun titolo di studio, licenza di scuola elementare e media","FRG","straniero-a","2019-Q4","T4-2019",1206.305,,
"IT","Italia","9","totale","Y15-89","15-89 anni","13","nessun titolo di studio, licenza di scuola elementare e media","FRG","straniero-a","2019-Q3","T3-2019",1219.37,,
"IT","Italia","9","totale","Y15-89","15-89 anni","13","nessun titolo di studio, licenza di scuola elementare e media","FRG","straniero-a","2020","2020",1147.461,,
"IT","Italia","9","totale","Y15-89","15-89 anni","13","nessun titolo di studio, licenza di scuola elementare e media","FRG","straniero-a","2020-Q2","T2-2020",1116.279,,
"IT","Italia","9","totale","Y15-89","15-89 anni","13","nessun titolo di studio, licenza di scuola elementare e media","FRG","straniero-a","2020-Q1","T1-2020",1159.505,,
"IT","Italia","9","totale","Y15-89","15-89 anni","13","nessun titolo di studio, licenza di scuola elementare e media","FRG","straniero-a","2020-Q3","T3-2020",1179.336,,
"IT","Italia","9","totale","Y15-89","15-89 anni","13","nessun titolo di studio, licenza di scuola elementare e media","FRG","straniero-a","2020-Q4","T4-2020",1134.723,,
"IT","Italia","9","totale","Y15-89","15-89 anni","13","nessun titolo di studio, licenza di scuola elementare e media","FRG","straniero-a","2021","2021",1132.489,,
"IT","Italia","9","totale","Y15-89","15-89 anni","13","nessun titolo di studio, licenza di scuola elementare e media","FRG","straniero-a","2022","2022",1143.995,,
"IT","Italia","9","totale","Y15-89","15-89 anni","13","nessun titolo di studio, licenza di scuola elementare e media","FRG","straniero-a","2021-Q1","T1-2021",1028.539,,
"IT","Italia","9","totale","Y15-89","15-89 anni","13","nessun titolo di studio, licenza di scuola elementare e media","FRG","straniero-a","2021-Q2","T2-2021",1082.754,,
"IT","Italia","9","totale","Y15-89","15-89 anni","13","nessun titolo di studio, licenza di scuola elementare e media","FRG","straniero-a","2021-Q3","T3-2021",1209.685,,
"IT","Italia","9","totale","Y15-89","15-89 anni","13","nessun titolo di studio, licenza di scuola elementare e media","FRG","straniero-a","2021-Q4","T4-2021",1208.979,,
"IT","Italia","9","totale","Y15-89","15-89 anni","13","nessun titolo di studio, licenza di scuola elementare e media","FRG","straniero-a","2022-Q1","T1-2022",1145.274,,
"IT","Italia","9","totale","Y15-89","15-89 anni","13","nessun titolo di studio, licenza di scuola elementare e media","FRG","straniero-a","2022-Q2","T2-2022",1164.984,,
"IT","Italia","9","totale","Y15-89","15-89 anni","13","nessun titolo di studio, licenza di scuola elementare e media","FRG","straniero-a","2022-Q3","T3-2022",1129.079,,
"IT","Italia","9","totale","Y15-89","15-89 anni","13","nessun titolo di studio, licenza di scuola elementare e media","FRG","straniero-a","2022-Q4","T4-2022",1136.644,,
"IT","Italia","9","totale","Y15-89","15-89 anni","99","totale","FRG","straniero-a","2018","2018",417.277,,
"IT","Italia","9","totale","Y15-89","15-89 anni","99","totale","FRG","straniero-a","2018-Q2","T2-2018",429.857,,
"IT","Italia","9","totale","Y15-89","15-89 anni","99","totale","FRG","straniero-a","2018-Q1","T1-2018",410.607,,
"IT","Italia","9","totale","Y15-89","15-89 anni","99","totale","FRG","straniero-a","2018-Q4","T4-2018",406.444,,
"IT","Italia","9","totale","Y15-89","15-89 anni","99","totale","FRG","straniero-a","2018-Q3","T3-2018",422.199,,
"IT","Italia","9","totale","Y15-89","15-89 anni","99","totale","FRG","straniero-a","2019","2019",445.234,,
"IT","Italia","9","totale","Y15-89","15-89 anni","99","totale","FRG","straniero-a","2019-Q1","T1-2019",436.602,,
"IT","Italia","9","totale","Y15-89","15-89 anni","99","totale","FRG","straniero-a","2019-Q2","T2-2019",456.597,,
"IT","Italia","9","totale","Y15-89","15-89 anni","99","totale","FRG","straniero-a","2019-Q4","T4-2019",435.279,,
"IT","Italia","9","totale","Y15-89","15-89 anni","99","totale","FRG","straniero-a","2019-Q3","T3-2019",452.458,,
"IT","Italia","9","totale","Y15-89","15-89 anni","99","totale","FRG","straniero-a","2020","2020",423.525,,
"IT","Italia","9","totale","Y15-89","15-89 anni","99","totale","FRG","straniero-a","2020-Q2","T2-2020",438.347,,
"IT","Italia","9","totale","Y15-89","15-89 anni","99","totale","FRG","straniero-a","2020-Q1","T1-2020",420.376,,
"IT","Italia","9","totale","Y15-89","15-89 anni","99","totale","FRG","straniero-a","2020-Q3","T3-2020",430.767,,
"IT","Italia","9","totale","Y15-89","15-89 anni","99","totale","FRG","straniero-a","2020-Q4","T4-2020",404.61,,
"IT","Italia","9","totale","Y15-89","15-89 anni","99","totale","FRG","straniero-a","2021","2021",424.543,,
"IT","Italia","9","totale","Y15-89","15-89 anni","99","totale","FRG","straniero-a","2022","2022",453.654,,
"IT","Italia","9","totale","Y15-89","15-89 anni","99","totale","FRG","straniero-a","2021-Q1","T1-2021",380.797,,
"IT","Italia","9","totale","Y15-89","15-89 anni","99","totale","FRG","straniero-a","2021-Q2","T2-2021",404.156,,
"IT","Italia","9","totale","Y15-89","15-89 anni","99","totale","FRG","straniero-a","2021-Q3","T3-2021",439.671,,
"IT","Italia","9","totale","Y15-89","15-89 anni","99","totale","FRG","straniero-a","2021-Q4","T4-2021",473.547,,
"IT","Italia","9","totale","Y15-89","15-89 anni","99","totale","FRG","straniero-a","2022-Q1","T1-2022",446.563,,
"IT","Italia","9","totale","Y15-89","15-89 anni","99","totale","FRG","straniero-a","2022-Q2","T2-2022",449.873,,
"IT","Italia","9","totale","Y15-89","15-89 anni","99","totale","FRG","straniero-a","2022-Q3","T3-2022",466.119,,
"IT","Italia","9","totale","Y15-89","15-89 anni","99","totale","FRG","straniero-a","2022-Q4","T4-2022",452.06,,
"IT","Italia","2","femmine","Y15-89","15-89 anni","99","totale","FRG","straniero-a","2018","2018",921.294,,
"IT","Italia","2","femmine","Y15-89","15-89 anni","99","totale","FRG","straniero-a","2018-Q2","T2-2018",921.108,,
"IT","Italia","2","femmine","Y15-89","15-89 anni","99","totale","FRG","straniero-a","2018-Q1","T1-2018",901.47,,
"IT","Italia","2","femmine","Y15-89","15-89 anni","99","totale","FRG","straniero-a","2018-Q4","T4-2018",926.349,,
"IT","Italia","2","femmine","Y15-89","15-89 anni","99","totale","FRG","straniero-a","2018-Q3","T3-2018",936.249,,
"IT","Italia","2","femmine","Y15-89","15-89 anni","99","totale","FRG","straniero-a","2019","2019",911.396,,
"IT","Italia","2","femmine","Y15-89","15-89 anni","99","totale","FRG","straniero-a","2019-Q1","T1-2019",904.223,,
"IT","Italia","2","femmine","Y15-89","15-89 anni","99","totale","FRG","straniero-a","2019-Q2","T2-2019",898.734,,
"IT","Italia","2","femmine","Y15-89","15-89 anni","99","totale","FRG","straniero-a","2019-Q4","T4-2019",903.916,,
"IT","Italia","2","femmine","Y15-89","15-89 anni","99","totale","FRG","straniero-a","2019-Q3","T3-2019",938.709,,
"IT","Italia","2","femmine","Y15-89","15-89 anni","99","totale","FRG","straniero-a","2020","2020",805.199,,
"IT","Italia","2","femmine","Y15-89","15-89 anni","99","totale","FRG","straniero-a","2020-Q2","T2-2020",766.725,,
"IT","Italia","2","femmine","Y15-89","15-89 anni","99","totale","FRG","straniero-a","2020-Q1","T1-2020",828.977,,
"IT","Italia","2","femmine","Y15-89","15-89 anni","99","totale","FRG","straniero-a","2020-Q3","T3-2020",836.991,,
"IT","Italia","2","femmine","Y15-89","15-89 anni","99","totale","FRG","straniero-a","2020-Q4","T4-2020",788.104,,
"IT","Italia","2","femmine","Y15-89","15-89 anni","99","totale","FRG","straniero-a","2021","2021",826.586,,
"IT","Italia","2","femmine","Y15-89","15-89 anni","99","totale","FRG","straniero-a","2022","2022",849.855,,
"IT","Italia","2","femmine","Y15-89","15-89 anni","99","totale","FRG","straniero-a","2021-Q1","T1-2021",778.085,,
"IT","Italia","2","femmine","Y15-89","15-89 anni","99","totale","FRG","straniero-a","2021-Q2","T2-2021",810.761,,
"IT","Italia","2","femmine","Y15-89","15-89 anni","99","totale","FRG","straniero-a","2021-Q3","T3-2021",855.913,,
"IT","Italia","2","femmine","Y15-89","15-89 anni","99","totale","FRG","straniero-a","2021-Q4","T4-2021",861.584,,
"IT","Italia","2","femmine","Y15-89","15-89 anni","99","totale","FRG","straniero-a","2022-Q1","T1-2022",832.16,,
"IT","Italia","2","femmine","Y15-89","15-89 anni","99","totale","FRG","straniero-a","2022-Q2","T2-2022",856.408,,
"IT","Italia","2","femmine","Y15-89","15-89 anni","99","totale","FRG","straniero-a","2022-Q3","T3-2022",871.094,,
"IT","Italia","2","femmine","Y15-89","15-89 anni","99","totale","FRG","straniero-a","2022-Q4","T4-2022",839.757,,
"IT","Italia","2","femmine","Y15-89","15-89 anni","99","totale","FRG","straniero-a","2018","2018",87.654,,
"IT","Italia","2","femmine","Y15-89","15-89 anni","99","totale","FRG","straniero-a","2018-Q2","T2-2018",92.801,,
"IT","Italia","2","femmine","Y15-89","15-89 anni","99","totale","FRG","straniero-a","2018-Q1","T1-2018",86.799,,
"IT","Italia","2","femmine","Y15-89","15-89 anni","99","totale","FRG","straniero-a","2018-Q4","T4-2018",80.883,,
"IT","Italia","2","femmine","Y15-89","15-89 anni","99","totale","FRG","straniero-a","2018-Q3","T3-2018",90.135,,
"IT","Italia","2","femmine","Y15-89","15-89 anni","99","totale","FRG","straniero-a","2019","2019",92.487,,
"IT","Italia","2","femmine","Y15-89","15-89 anni","99","totale","FRG","straniero-a","2019-Q1","T1-2019",97.848,,
"IT","Italia","2","femmine","Y15-89","15-89 anni","99","totale","FRG","straniero-a","2019-Q2","T2-2019",101.117,,
"IT","Italia","2","femmine","Y15-89","15-89 anni","99","totale","FRG","straniero-a","2019-Q4","T4-2019",83.279,,
"IT","Italia","2","femmine","Y15-89","15-89 anni","99","totale","FRG","straniero-a","2019-Q3","T3-2019",87.705,,
"IT","Italia","2","femmine","Y15-89","15-89 anni","99","totale","FRG","straniero-a","2020","2020",83.97,,
"IT","Italia","2","femmine","Y15-89","15-89 anni","99","totale","FRG","straniero-a","2020-Q2","T2-2020",82.907,,
"IT","Italia","2","femmine","Y15-89","15-89 anni","99","totale","FRG","straniero-a","2020-Q1","T1-2020",79.735,,
"IT","Italia","2","femmine","Y15-89","15-89 anni","99","totale","FRG","straniero-a","2020-Q3","T3-2020",88.036,,
"IT","Italia","2","femmine","Y15-89","15-89 anni","99","totale","FRG","straniero-a","2020-Q4","T4-2020",85.201,,
"IT","Italia","2","femmine","Y15-89","15-89 anni","99","totale","FRG","straniero-a","2021","2021",88.604,,
"IT","Italia","2","femmine","Y15-89","15-89 anni","99","totale","FRG","straniero-a","2022","2022",105.663,,
"IT","Italia","2","femmine","Y15-89","15-89 anni","99","totale","FRG","straniero-a","2021-Q1","T1-2021",74.468,,
"IT","Italia","2","femmine","Y15-89","15-89 anni","99","totale","FRG","straniero-a","2021-Q2","T2-2021",87.896,,
"IT","Italia","2","femmine","Y15-89","15-89 anni","99","totale","FRG","straniero-a","2021-Q3","T3-2021",92.756,,
"IT","Italia","2","femmine","Y15-89","15-89 anni","99","totale","FRG","straniero-a","2021-Q4","T4-2021",99.297,,
"IT","Italia","2","femmine","Y15-89","15-89 anni","99","totale","FRG","straniero-a","2022-Q1","T1-2022",106.552,,
"IT","Italia","2","femmine","Y15-89","15-89 anni","99","totale","FRG","straniero-a","2022-Q2","T2-2022",102.352,,
"IT","Italia","2","femmine","Y15-89","15-89 anni","99","totale","FRG","straniero-a","2022-Q3","T3-2022",106.034,,
"IT","Italia","2","femmine","Y15-89","15-89 anni","99","totale","FRG","straniero-a","2022-Q4","T4-2022",107.715,,
"IT","Italia","1","maschi","Y15-89","15-89 anni","99","totale","FRG","straniero-a","2018","2018",292.402,,
"IT","Italia","1","maschi","Y15-89","15-89 anni","99","totale","FRG","straniero-a","2018-Q2","T2-2018",294.436,,
"IT","Italia","1","maschi","Y15-89","15-89 anni","99","totale","FRG","straniero-a","2018-Q1","T1-2018",275.733,,
"IT","Italia","1","maschi","Y15-89","15-89 anni","99","totale","FRG","straniero-a","2018-Q4","T4-2018",283.078,,
"IT","Italia","1","maschi","Y15-89","15-89 anni","99","totale","FRG","straniero-a","2018-Q3","T3-2018",316.362,,
"IT","Italia","1","maschi","Y15-89","15-89 anni","99","totale","FRG","straniero-a","2019","2019",293.8,,
"IT","Italia","1","maschi","Y15-89","15-89 anni","99","totale","FRG","straniero-a","2019-Q1","T1-2019",283.285,,
"IT","Italia","1","maschi","Y15-89","15-89 anni","99","totale","FRG","straniero-a","2019-Q2","T2-2019",303.784,,
"IT","Italia","1","maschi","Y15-89","15-89 anni","99","totale","FRG","straniero-a","2019-Q4","T4-2019",280.217,,
"IT","Italia","1","maschi","Y15-89","15-89 anni","99","totale","FRG","straniero-a","2019-Q3","T3-2019",307.912,,
"IT","Italia","1","maschi","Y15-89","15-89 anni","99","totale","FRG","straniero-a","2020","2020",257.004,,
"IT","Italia","1","maschi","Y15-89","15-89 anni","99","totale","FRG","straniero-a","2020-Q2","T2-2020",255.306,,
"IT","Italia","1","maschi","Y15-89","15-89 anni","99","totale","FRG","straniero-a","2020-Q1","T1-2020",264.79,,
"IT","Italia","1","maschi","Y15-89","15-89 anni","99","totale","FRG","straniero-a","2020-Q3","T3-2020",271.089,,
"IT","Italia","1","maschi","Y15-89","15-89 anni","99","totale","FRG","straniero-a","2020-Q4","T4-2020",236.833,,
"IT","Italia","1","maschi","Y15-89","15-89 anni","99","totale","FRG","straniero-a","2021","2021",252.227,,
"IT","Italia","1","maschi","Y15-89","15-89 anni","99","totale","FRG","straniero-a","2022","2022",287.916,,
"IT","Italia","1","maschi","Y15-89","15-89 anni","99","totale","FRG","straniero-a","2021-Q1","T1-2021",226.793,,
"IT","Italia","1","maschi","Y15-89","15-89 anni","99","totale","FRG","straniero-a","2021-Q2","T2-2021",247.438,,
"IT","Italia","1","maschi","Y15-89","15-89 anni","99","totale","FRG","straniero-a","2021-Q3","T3-2021",266.674,,
"IT","Italia","1","maschi","Y15-89","15-89 anni","99","totale","FRG","straniero-a","2021-Q4","T4-2021",268.002,,
"IT","Italia","1","maschi","Y15-89","15-89 anni","99","totale","FRG","straniero-a","2022-Q1","T1-2022",299.256,,
"IT","Italia","1","maschi","Y15-89","15-89 anni","99","totale","FRG","straniero-a","2022-Q2","T2-2022",292.402,,
"IT","Italia","1","maschi","Y15-89","15-89 anni","99","totale","FRG","straniero-a","2022-Q3","T3-2022",285.319,,
"IT","Italia","1","maschi","Y15-89","15-89 anni","99","totale","FRG","straniero-a","2022-Q4","T4-2022",274.687,,
"IT","Italia","1","maschi","Y15-89","15-89 anni","99","totale","FRG","straniero-a","2018","2018",1296.559,,
"IT","Italia","1","maschi","Y15-89","15-89 anni","99","totale","FRG","straniero-a","2018-Q2","T2-2018",1315.129,,
"IT","Italia","1","maschi","Y15-89","15-89 anni","99","totale","FRG","straniero-a","2018-Q1","T1-2018",1239.597,,
"IT","Italia","1","maschi","Y15-89","15-89 anni","99","totale","FRG","straniero-a","2018-Q4","T4-2018",1296.073,,
"IT","Italia","1","maschi","Y15-89","15-89 anni","99","totale","FRG","straniero-a","2018-Q3","T3-2018",1335.436,,
"IT","Italia","1","maschi","Y15-89","15-89 anni","99","totale","FRG","straniero-a","2019","2019",1338.588,,
"IT","Italia","1","maschi","Y15-89","15-89 anni","99","totale","FRG","straniero-a","2019-Q1","T1-2019",1295.912,,
"IT","Italia","1","maschi","Y15-89","15-89 anni","99","totale","FRG","straniero-a","2019-Q2","T2-2019",1361.194,,
"IT","Italia","1","maschi","Y15-89","15-89 anni","99","totale","FRG","straniero-a","2019-Q4","T4-2019",1337.494,,
"IT","Italia","1","maschi","Y15-89","15-89 anni","99","totale","FRG","straniero-a","2019-Q3","T3-2019",1359.752,,
"IT","Italia","1","maschi","Y15-89","15-89 anni","99","totale","FRG","straniero-a","2020","2020",1280.856,,
"IT","Italia","1","maschi","Y15-89","15-89 anni","99","totale","FRG","straniero-a","2020-Q2","T2-2020",1233.99,,
"IT","Italia","1","maschi","Y15-89","15-89 anni","99","totale","FRG","straniero-a","2020-Q1","T1-2020",1305.754,,
"IT","Italia","1","maschi","Y15-89","15-89 anni","99","totale","FRG","straniero-a","2020-Q3","T3-2020",1300.027,,
"IT","Italia","1","maschi","Y15-89","15-89 anni","99","totale","FRG","straniero-a","2020-Q4","T4-2020",1283.655,,
"IT","Italia","1","maschi","Y15-89","15-89 anni","99","totale","FRG","straniero-a","2021","2021",1307.906,,
"IT","Italia","1","maschi","Y15-89","15-89 anni","99","totale","FRG","straniero-a","2022","2022",1384.571,,
"IT","Italia","1","maschi","Y15-89","15-89 anni","99","totale","FRG","straniero-a","2021-Q1","T1-2021",1214.951,,
"IT","Italia","1","maschi","Y15-89","15-89 anni","99","totale","FRG","straniero-a","2021-Q2","T2-2021",1270.654,,
"IT","Italia","1","maschi","Y15-89","15-89 anni","99","totale","FRG","straniero-a","2021-Q3","T3-2021",1347.772,,
"IT","Italia","1","maschi","Y15-89","15-89 anni","99","totale","FRG","straniero-a","2021-Q4","T4-2021",1398.25,,
"IT","Italia","1","maschi","Y15-89","15-89 anni","99","totale","FRG","straniero-a","2022-Q1","T1-2022",1366.794,,
"IT","Italia","1","maschi","Y15-89","15-89 anni","99","totale","FRG","straniero-a","2022-Q2","T2-2022",1391.485,,
"IT","Italia","1","maschi","Y15-89","15-89 anni","99","totale","FRG","straniero-a","2022-Q3","T3-2022",1404.161,,
"IT","Italia","1","maschi","Y15-89","15-89 anni","99","totale","FRG","straniero-a","2022-Q4","T4-2022",1375.845,,
"IT","Italia","2","femmine","Y15-89","15-89 anni","11","laurea e post-laurea","FRG","straniero-a","2018","2018",181.224,,
"IT","Italia","2","femmine","Y15-89","15-89 anni","11","laurea e post-laurea","FRG","straniero-a","2018-Q2","T2-2018",195.066,,
"IT","Italia","2","femmine","Y15-89","15-89 anni","11","laurea e post-laurea","FRG","straniero-a","2018-Q1","T1-2018",184.114,,
"IT","Italia","2","femmine","Y15-89","15-89 anni","11","laurea e post-laurea","FRG","straniero-a","2018-Q4","T4-2018",167.73,,
"IT","Italia","2","femmine","Y15-89","15-89 anni","11","laurea e post-laurea","FRG","straniero-a","2018-Q3","T3-2018",177.986,,
"IT","Italia","2","femmine","Y15-89","15-89 anni","11","laurea e post-laurea","FRG","straniero-a","2019","2019",173.769,,
"IT","Italia","2","femmine","Y15-89","15-89 anni","11","laurea e post-laurea","FRG","straniero-a","2019-Q1","T1-2019",179.772,,
"IT","Italia","2","femmine","Y15-89","15-89 anni","11","laurea e post-laurea","FRG","straniero-a","2019-Q2","T2-2019",175.966,,
"IT","Italia","2","femmine","Y15-89","15-89 anni","11","laurea e post-laurea","FRG","straniero-a","2019-Q4","T4-2019",163.143,,
"IT","Italia","2","femmine","Y15-89","15-89 anni","11","laurea e post-laurea","FRG","straniero-a","2019-Q3","T3-2019",176.194,,
"IT","Italia","2","femmine","Y15-89","15-89 anni","11","laurea e post-laurea","FRG","straniero-a","2020","2020",147.015,,
"IT","Italia","2","femmine","Y15-89","15-89 anni","11","laurea e post-laurea","FRG","straniero-a","2020-Q2","T2-2020",137.537,,
"IT","Italia","2","femmine","Y15-89","15-89 anni","11","laurea e post-laurea","FRG","straniero-a","2020-Q1","T1-2020",149.264,,
"IT","Italia","2","femmine","Y15-89","15-89 anni","11","laurea e post-laurea","FRG","straniero-a","2020-Q3","T3-2020",157.633,,
"IT","Italia","2","femmine","Y15-89","15-89 anni","11","laurea e post-laurea","FRG","straniero-a","2020-Q4","T4-2020",143.626,,
"IT","Italia","2","femmine","Y15-89","15-89 anni","11","laurea e post-laurea","FRG","straniero-a","2021","2021",146.204,,
"IT","Italia","2","femmine","Y15-89","15-89 anni","11","laurea e post-laurea","FRG","straniero-a","2022","2022",157.705,,
"IT","Italia","2","femmine","Y15-89","15-89 anni","11","laurea e post-laurea","FRG","straniero-a","2021-Q1","T1-2021",145.543,,
"IT","Italia","2","femmine","Y15-89","15-89 anni","11","laurea e post-laurea","FRG","straniero-a","2021-Q2","T2-2021",147.358,,
"IT","Italia","2","femmine","Y15-89","15-89 anni","11","laurea e post-laurea","FRG","straniero-a","2021-Q3","T3-2021",150.365,,
"IT","Italia","2","femmine","Y15-89","15-89 anni","11","laurea e post-laurea","FRG","straniero-a","2021-Q4","T4-2021",141.549,,
"IT","Italia","2","femmine","Y15-89","15-89 anni","11","laurea e post-laurea","FRG","straniero-a","2022-Q1","T1-2022",151.702,,
"IT","Italia","2","femmine","Y15-89","15-89 anni","11","laurea e post-laurea","FRG","straniero-a","2022-Q2","T2-2022",158.75,,
"IT","Italia","2","femmine","Y15-89","15-89 anni","11","laurea e post-laurea","FRG","straniero-a","2022-Q3","T3-2022",173.397,,
"IT","Italia","2","femmine","Y15-89","15-89 anni","11","laurea e post-laurea","FRG","straniero-a","2022-Q4","T4-2022",146.97,,
"IT","Italia","2","femmine","Y15-89","15-89 anni","13","nessun titolo di studio, licenza di scuola elementare e media","FRG","straniero-a","2018","2018",430.605,,
"IT","Italia","2","femmine","Y15-89","15-89 anni","13","nessun titolo di studio, licenza di scuola elementare e media","FRG","straniero-a","2018-Q2","T2-2018",432.261,,
"IT","Italia","2","femmine","Y15-89","15-89 anni","13","nessun titolo di studio, licenza di scuola elementare e media","FRG","straniero-a","2018-Q1","T1-2018",411.445,,
"IT","Italia","2","femmine","Y15-89","15-89 anni","13","nessun titolo di studio, licenza di scuola elementare e media","FRG","straniero-a","2018-Q4","T4-2018",435.477,,
"IT","Italia","2","femmine","Y15-89","15-89 anni","13","nessun titolo di studio, licenza di scuola elementare e media","FRG","straniero-a","2018-Q3","T3-2018",443.238,,
"IT","Italia","2","femmine","Y15-89","15-89 anni","13","nessun titolo di studio, licenza di scuola elementare e media","FRG","straniero-a","2019","2019",444.098,,
"IT","Italia","2","femmine","Y15-89","15-89 anni","13","nessun titolo di studio, licenza di scuola elementare e media","FRG","straniero-a","2019-Q1","T1-2019",430.635,,
"IT","Italia","2","femmine","Y15-89","15-89 anni","13","nessun titolo di studio, licenza di scuola elementare e media","FRG","straniero-a","2019-Q2","T2-2019",446.02,,
"IT","Italia","2","femmine","Y15-89","15-89 anni","13","nessun titolo di studio, licenza di scuola elementare e media","FRG","straniero-a","2019-Q4","T4-2019",448.464,,
"IT","Italia","2","femmine","Y15-89","15-89 anni","13","nessun titolo di studio, licenza di scuola elementare e media","FRG","straniero-a","2019-Q3","T3-2019",451.273,,
"IT","Italia","2","femmine","Y15-89","15-89 anni","13","nessun titolo di studio, licenza di scuola elementare e media","FRG","straniero-a","2020","2020",407.161,,
"IT","Italia","2","femmine","Y15-89","15-89 anni","13","nessun titolo di studio, licenza di scuola elementare e media","FRG","straniero-a","2020-Q2","T2-2020",388.531,,
"IT","Italia","2","femmine","Y15-89","15-89 anni","13","nessun titolo di studio, licenza di scuola elementare e media","FRG","straniero-a","2020-Q1","T1-2020",413.28,,
"IT","Italia","2","femmine","Y15-89","15-89 anni","13","nessun titolo di studio, licenza di scuola elementare e media","FRG","straniero-a","2020-Q3","T3-2020",418.228,,
"IT","Italia","2","femmine","Y15-89","15-89 anni","13","nessun titolo di studio, licenza di scuola elementare e media","FRG","straniero-a","2020-Q4","T4-2020",408.605,,
"IT","Italia","2","femmine","Y15-89","15-89 anni","13","nessun titolo di studio, licenza di scuola elementare e media","FRG","straniero-a","2021","2021",381.984,,
"IT","Italia","2","femmine","Y15-89","15-89 anni","13","nessun titolo di studio, licenza di scuola elementare e media","FRG","straniero-a","2022","2022",381.973,,
"IT","Italia","2","femmine","Y15-89","15-89 anni","13","nessun titolo di studio, licenza di scuola elementare e media","FRG","straniero-a","2021-Q1","T1-2021",347.357,,
"IT","Italia","2","femmine","Y15-89","15-89 anni","13","nessun titolo di studio, licenza di scuola elementare e media","FRG","straniero-a","2021-Q2","T2-2021",359.296,,
"IT","Italia","2","femmine","Y15-89","15-89 anni","13","nessun titolo di studio, licenza di scuola elementare e media","FRG","straniero-a","2021-Q3","T3-2021",413.329,,
"IT","Italia","2","femmine","Y15-89","15-89 anni","13","nessun titolo di studio, licenza di scuola elementare e media","FRG","straniero-a","2021-Q4","T4-2021",407.955,,
"IT","Italia","2","femmine","Y15-89","15-89 anni","13","nessun titolo di studio, licenza di scuola elementare e media","FRG","straniero-a","2022-Q1","T1-2022",387.5,,
"IT","Italia","2","femmine","Y15-89","15-89 anni","13","nessun titolo di studio, licenza di scuola elementare e media","FRG","straniero-a","2022-Q2","T2-2022",382.65,,
"IT","Italia","2","femmine","Y15-89","15-89 anni","13","nessun titolo di studio, licenza di scuola elementare e media","FRG","straniero-a","2022-Q3","T3-2022",381.602,,
"IT","Italia","2","femmine","Y15-89","15-89 anni","13","nessun titolo di studio, licenza di scuola elementare e media","FRG","straniero-a","2022-Q4","T4-2022",376.14,,
"IT","Italia","9","totale","Y15-89","15-89 anni","7","diploma","FRG","straniero-a","2018","2018",865.364,,
"IT","Italia","9","totale","Y15-89","15-89 anni","7","diploma","FRG","straniero-a","2018-Q2","T2-2018",864.747,,
"IT","Italia","9","totale","Y15-89","15-89 anni","7","diploma","FRG","straniero-a","2018-Q1","T1-2018",822.54,,
"IT","Italia","9","totale","Y15-89","15-89 anni","7","diploma","FRG","straniero-a","2018-Q4","T4-2018",868.509,,
"IT","Italia","9","totale","Y15-89","15-89 anni","7","diploma","FRG","straniero-a","2018-Q3","T3-2018",905.659,,
"IT","Italia","9","totale","Y15-89","15-89 anni","7","diploma","FRG","straniero-a","2019","2019",874.492,,
"IT","Italia","9","totale","Y15-89","15-89 anni","7","diploma","FRG","straniero-a","2019-Q1","T1-2019",847.124,,
"IT","Italia","9","totale","Y15-89","15-89 anni","7","diploma","FRG","straniero-a","2019-Q2","T2-2019",856.969,,
"IT","Italia","9","totale","Y15-89","15-89 anni","7","diploma","FRG","straniero-a","2019-Q4","T4-2019",884.509,,
"IT","Italia","9","totale","Y15-89","15-89 anni","7","diploma","FRG","straniero-a","2019-Q3","T3-2019",909.364,,
"IT","Italia","9","totale","Y15-89","15-89 anni","7","diploma","FRG","straniero-a","2020","2020",807.353,,
"IT","Italia","9","totale","Y15-89","15-89 anni","7","diploma","FRG","straniero-a","2020-Q2","T2-2020",765.632,,
"IT","Italia","9","totale","Y15-89","15-89 anni","7","diploma","FRG","straniero-a","2020-Q1","T1-2020",836.014,,
"IT","Italia","9","totale","Y15-89","15-89 anni","7","diploma","FRG","straniero-a","2020-Q3","T3-2020",820.111,,
"IT","Italia","9","totale","Y15-89","15-89 anni","7","diploma","FRG","straniero-a","2020-Q4","T4-2020",807.655,,
"IT","Italia","9","totale","Y15-89","15-89 anni","7","diploma","FRG","straniero-a","2021","2021",879.684,,
"IT","Italia","9","totale","Y15-89","15-89 anni","7","diploma","FRG","straniero-a","2022","2022",957.069,,
"IT","Italia","9","totale","Y15-89","15-89 anni","7","diploma","FRG","straniero-a","2021-Q1","T1-2021",848.068,,
"IT","Italia","9","totale","Y15-89","15-89 anni","7","diploma","FRG","straniero-a","2021-Q2","T2-2021",878.161,,
"IT","Italia","9","totale","Y15-89","15-89 anni","7","diploma","FRG","straniero-a","2021-Q3","T3-2021",867.966,,
"IT","Italia","9","totale","Y15-89","15-89 anni","7","diploma","FRG","straniero-a","2021-Q4","T4-2021",924.541,,
"IT","Italia","9","totale","Y15-89","15-89 anni","7","diploma","FRG","straniero-a","2022-Q1","T1-2022",935.063,,
"IT","Italia","9","totale","Y15-89","15-89 anni","7","diploma","FRG","straniero-a","2022-Q2","T2-2022",939.098,,
"IT","Italia","9","totale","Y15-89","15-89 anni","7","diploma","FRG","straniero-a","2022-Q3","T3-2022",1003.006,,
"IT","Italia","9","totale","Y15-89","15-89 anni","7","diploma","FRG","straniero-a","2022-Q4","T4-2022",951.109,,
"IT","Italia","9","totale","Y15-89","15-89 anni","99","totale","FRG","straniero-a","2018","2018",644.878,,
"IT","Italia","9","totale","Y15-89","15-89 anni","99","totale","FRG","straniero-a","2018-Q2","T2-2018",653.858,,
"IT","Italia","9","totale","Y15-89","15-89 anni","99","totale","FRG","straniero-a","2018-Q1","T1-2018",628.382,,
"IT","Italia","9","totale","Y15-89","15-89 anni","99","totale","FRG","straniero-a","2018-Q4","T4-2018",638.676,,
"IT","Italia","9","totale","Y15-89","15-89 anni","99","totale","FRG","straniero-a","2018-Q3","T3-2018",658.597,,
"IT","Italia","9","totale","Y15-89","15-89 anni","99","totale","FRG","straniero-a","2019","2019",667.577,,
"IT","Italia","9","totale","Y15-89","15-89 anni","99","totale","FRG","straniero-a","2019-Q1","T1-2019",648.872,,
"IT","Italia","9","totale","Y15-89","15-89 anni","99","totale","FRG","straniero-a","2019-Q2","T2-2019",679.69,,
"IT","Italia","9","totale","Y15-89","15-89 anni","99","totale","FRG","straniero-a","2019-Q4","T4-2019",668.018,,
"IT","Italia","9","totale","Y15-89","15-89 anni","99","totale","FRG","straniero-a","2019-Q3","T3-2019",673.73,,
"IT","Italia","9","totale","Y15-89","15-89 anni","99","totale","FRG","straniero-a","2020","2020",639.707,,
"IT","Italia","9","totale","Y15-89","15-89 anni","99","totale","FRG","straniero-a","2020-Q2","T2-2020",622.842,,
"IT","Italia","9","totale","Y15-89","15-89 anni","99","totale","FRG","straniero-a","2020-Q1","T1-2020",644.035,,
"IT","Italia","9","totale","Y15-89","15-89 anni","99","totale","FRG","straniero-a","2020-Q3","T3-2020",649.249,,
"IT","Italia","9","totale","Y15-89","15-89 anni","99","totale","FRG","straniero-a","2020-Q4","T4-2020",642.701,,
"IT","Italia","9","totale","Y15-89","15-89 anni","99","totale","FRG","straniero-a","2021","2021",646.459,,
"IT","Italia","9","totale","Y15-89","15-89 anni","99","totale","FRG","straniero-a","2022","2022",696.225,,
"IT","Italia","9","totale","Y15-89","15-89 anni","99","totale","FRG","straniero-a","2021-Q1","T1-2021",609.336,,
"IT","Italia","9","totale","Y15-89","15-89 anni","99","totale","FRG","straniero-a","2021-Q2","T2-2021",620.347,,
"IT","Italia","9","totale","Y15-89","15-89 anni","99","totale","FRG","straniero-a","2021-Q3","T3-2021",648.922,,
"IT","Italia","9","totale","Y15-89","15-89 anni","99","totale","FRG","straniero-a","2021-Q4","T4-2021",707.231,,
"IT","Italia","9","totale","Y15-89","15-89 anni","99","totale","FRG","straniero-a","2022-Q1","T1-2022",675.742,,
"IT","Italia","9","totale","Y15-89","15-89 anni","99","totale","FRG","straniero-a","2022-Q2","T2-2022",695.288,,
"IT","Italia","9","totale","Y15-89","15-89 anni","99","totale","FRG","straniero-a","2022-Q3","T3-2022",708.057,,
"IT","Italia","9","totale","Y15-89","15-89 anni","99","totale","FRG","straniero-a","2022-Q4","T4-2022",705.813,,
"IT","Italia","1","maschi","Y15-89","15-89 anni","99","totale","FRG","straniero-a","2018","2018",552.367,,
"IT","Italia","1","maschi","Y15-89","15-89 anni","99","totale","FRG","straniero-a","2018-Q2","T2-2018",556.173,,
"IT","Italia","1","maschi","Y15-89","15-89 anni","99","totale","FRG","straniero-a","2018-Q1","T1-2018",535.769,,
"IT","Italia","1","maschi","Y15-89","15-89 anni","99","totale","FRG","straniero-a","2018-Q4","T4-2018",552.796,,
"IT","Italia","1","maschi","Y15-89","15-89 anni","99","totale","FRG","straniero-a","2018-Q3","T3-2018",564.732,,
"IT","Italia","1","maschi","Y15-89","15-89 anni","99","totale","FRG","straniero-a","2019","2019",568.724,,
"IT","Italia","1","maschi","Y15-89","15-89 anni","99","totale","FRG","straniero-a","2019-Q1","T1-2019",546.035,,
"IT","Italia","1","maschi","Y15-89","15-89 anni","99","totale","FRG","straniero-a","2019-Q2","T2-2019",571.85,,
"IT","Italia","1","maschi","Y15-89","15-89 anni","99","totale","FRG","straniero-a","2019-Q4","T4-2019",577.896,,
"IT","Italia","1","maschi","Y15-89","15-89 anni","99","totale","FRG","straniero-a","2019-Q3","T3-2019",579.117,,
"IT","Italia","1","maschi","Y15-89","15-89 anni","99","totale","FRG","straniero-a","2020","2020",551.265,,
"IT","Italia","1","maschi","Y15-89","15-89 anni","99","totale","FRG","straniero-a","2020-Q2","T2-2020",534.395,,
"IT","Italia","1","maschi","Y15-89","15-89 anni","99","totale","FRG","straniero-a","2020-Q1","T1-2020",558.979,,
"IT","Italia","1","maschi","Y15-89","15-89 anni","99","totale","FRG","straniero-a","2020-Q3","T3-2020",558.011,,
"IT","Italia","1","maschi","Y15-89","15-89 anni","99","totale","FRG","straniero-a","2020-Q4","T4-2020",553.675,,
"IT","Italia","1","maschi","Y15-89","15-89 anni","99","totale","FRG","straniero-a","2021","2021",554.074,,
"IT","Italia","1","maschi","Y15-89","15-89 anni","99","totale","FRG","straniero-a","2022","2022",583.671,,
"IT","Italia","1","maschi","Y15-89","15-89 anni","99","totale","FRG","straniero-a","2021-Q1","T1-2021",533.885,,
"IT","Italia","1","maschi","Y15-89","15-89 anni","99","totale","FRG","straniero-a","2021-Q2","T2-2021",530.167,,
"IT","Italia","1","maschi","Y15-89","15-89 anni","99","totale","FRG","straniero-a","2021-Q3","T3-2021",551.4,,
"IT","Italia","1","maschi","Y15-89","15-89 anni","99","totale","FRG","straniero-a","2021-Q4","T4-2021",600.843,,
"IT","Italia","1","maschi","Y15-89","15-89 anni","99","totale","FRG","straniero-a","2022-Q1","T1-2022",563.18,,
"IT","Italia","1","maschi","Y15-89","15-89 anni","99","totale","FRG","straniero-a","2022-Q2","T2-2022",585.632,,
"IT","Italia","1","maschi","Y15-89","15-89 anni","99","totale","FRG","straniero-a","2022-Q3","T3-2022",595.132,,
"IT","Italia","1","maschi","Y15-89","15-89 anni","99","totale","FRG","straniero-a","2022-Q4","T4-2022",590.741,,
"IT","Italia","2","femmine","Y15-89","15-89 anni","99","totale","FRG","straniero-a","2018","2018",92.511,,
"IT","Italia","2","femmine","Y15-89","15-89 anni","99","totale","FRG","straniero-a","2018-Q2","T2-2018",97.686,,
"IT","Italia","2","femmine","Y15-89","15-89 anni","99","totale","FRG","straniero-a","2018-Q1","T1-2018",92.613,,
"IT","Italia","2","femmine","Y15-89","15-89 anni","99","totale","FRG","straniero-a","2018-Q4","T4-2018",85.88,,
"IT","Italia","2","femmine","Y15-89","15-89 anni","99","totale","FRG","straniero-a","2018-Q3","T3-2018",93.864,,
"IT","Italia","2","femmine","Y15-89","15-89 anni","99","totale","FRG","straniero-a","2019","2019",98.853,,
"IT","Italia","2","femmine","Y15-89","15-89 anni","99","totale","FRG","straniero-a","2019-Q1","T1-2019",102.837,,
"IT","Italia","2","femmine","Y15-89","15-89 anni","99","totale","FRG","straniero-a","2019-Q2","T2-2019",107.84,,
"IT","Italia","2","femmine","Y15-89","15-89 anni","99","totale","FRG","straniero-a","2019-Q4","T4-2019",90.122,,
"IT","Italia","2","femmine","Y15-89","15-89 anni","99","totale","FRG","straniero-a","2019-Q3","T3-2019",94.614,,
"IT","Italia","2","femmine","Y15-89","15-89 anni","99","totale","FRG","straniero-a","2020","2020",88.442,,
"IT","Italia","2","femmine","Y15-89","15-89 anni","99","totale","FRG","straniero-a","2020-Q2","T2-2020",88.447,,
"IT","Italia","2","femmine","Y15-89","15-89 anni","99","totale","FRG","straniero-a","2020-Q1","T1-2020",85.056,,
"IT","Italia","2","femmine","Y15-89","15-89 anni","99","totale","FRG","straniero-a","2020-Q3","T3-2020",91.239,,
"IT","Italia","2","femmine","Y15-89","15-89 anni","99","totale","FRG","straniero-a","2020-Q4","T4-2020",89.025,,
"IT","Italia","2","femmine","Y15-89","15-89 anni","99","totale","FRG","straniero-a","2021","2021",92.385,,
"IT","Italia","2","femmine","Y15-89","15-89 anni","99","totale","FRG","straniero-a","2022","2022",112.554,,
"IT","Italia","2","femmine","Y15-89","15-89 anni","99","totale","FRG","straniero-a","2021-Q1","T1-2021",75.451,,
"IT","Italia","2","femmine","Y15-89","15-89 anni","99","totale","FRG","straniero-a","2021-Q2","T2-2021",90.18,,
"IT","Italia","2","femmine","Y15-89","15-89 anni","99","totale","FRG","straniero-a","2021-Q3","T3-2021",97.522,,
"IT","Italia","2","femmine","Y15-89","15-89 anni","99","totale","FRG","straniero-a","2021-Q4","T4-2021",106.388,,
"IT","Italia","2","femmine","Y15-89","15-89 anni","99","totale","FRG","straniero-a","2022-Q1","T1-2022",112.562,,
"IT","Italia","2","femmine","Y15-89","15-89 anni","99","totale","FRG","straniero-a","2022-Q2","T2-2022",109.656,,
"IT","Italia","2","femmine","Y15-89","15-89 anni","99","totale","FRG","straniero-a","2022-Q3","T3-2022",112.925,,
"IT","Italia","2","femmine","Y15-89","15-89 anni","99","totale","FRG","straniero-a","2022-Q4","T4-2022",115.072,,
"IT","Italia","1","maschi","Y15-89","15-89 anni","99","totale","FRG","straniero-a","2018","2018",623.537,,
"IT","Italia","1","maschi","Y15-89","15-89 anni","99","totale","FRG","straniero-a","2018-Q2","T2-2018",637.837,,
"IT","Italia","1","maschi","Y15-89","15-89 anni","99","totale","FRG","straniero-a","2018-Q1","T1-2018",592.14,,
"IT","Italia","1","maschi","Y15-89","15-89 anni","99","totale","FRG","straniero-a","2018-Q4","T4-2018",612.608,,
"IT","Italia","1","maschi","Y15-89","15-89 anni","99","totale","FRG","straniero-a","2018-Q3","T3-2018",651.563,,
"IT","Italia","1","maschi","Y15-89","15-89 anni","99","totale","FRG","straniero-a","2019","2019",643.278,,
"IT","Italia","1","maschi","Y15-89","15-89 anni","99","totale","FRG","straniero-a","2019-Q1","T1-2019",628.596,,
"IT","Italia","1","maschi","Y15-89","15-89 anni","99","totale","FRG","straniero-a","2019-Q2","T2-2019",668.177,,
"IT","Italia","1","maschi","Y15-89","15-89 anni","99","totale","FRG","straniero-a","2019-Q4","T4-2019",630.118,,
"IT","Italia","1","maschi","Y15-89","15-89 anni","99","totale","FRG","straniero-a","2019-Q3","T3-2019",646.222,,
"IT","Italia","1","maschi","Y15-89","15-89 anni","99","totale","FRG","straniero-a","2020","2020",598.188,,
"IT","Italia","1","maschi","Y15-89","15-89 anni","99","totale","FRG","straniero-a","2020-Q2","T2-2020",577.98,,
"IT","Italia","1","maschi","Y15-89","15-89 anni","99","totale","FRG","straniero-a","2020-Q1","T1-2020",616.916,,
"IT","Italia","1","maschi","Y15-89","15-89 anni","99","totale","FRG","straniero-a","2020-Q3","T3-2020",603.525,,
"IT","Italia","1","maschi","Y15-89","15-89 anni","99","totale","FRG","straniero-a","2020-Q4","T4-2020",594.332,,
"IT","Italia","1","maschi","Y15-89","15-89 anni","99","totale","FRG","straniero-a","2021","2021",619.207,,
"IT","Italia","1","maschi","Y15-89","15-89 anni","99","totale","FRG","straniero-a","2022","2022",673.572,,
"IT","Italia","1","maschi","Y15-89","15-89 anni","99","totale","FRG","straniero-a","2021-Q1","T1-2021",562.434,,
"IT","Italia","1","maschi","Y15-89","15-89 anni","99","totale","FRG","straniero-a","2021-Q2","T2-2021",610.304,,
"IT","Italia","1","maschi","Y15-89","15-89 anni","99","totale","FRG","straniero-a","2021-Q3","T3-2021",649.312,,
"IT","Italia","1","maschi","Y15-89","15-89 anni","99","totale","FRG","straniero-a","2021-Q4","T4-2021",654.777,,
"IT","Italia","1","maschi","Y15-89","15-89 anni","99","totale","FRG","straniero-a","2022-Q1","T1-2022",688.011,,
"IT","Italia","1","maschi","Y15-89","15-89 anni","99","totale","FRG","straniero-a","2022-Q2","T2-2022",679.545,,
"IT","Italia","1","maschi","Y15-89","15-89 anni","99","totale","FRG","straniero-a","2022-Q3","T3-2022",677.97,,
"IT","Italia","1","maschi","Y15-89","15-89 anni","99","totale","FRG","straniero-a","2022-Q4","T4-2022",648.761,,
"IT","Italia","2","femmine","Y15-89","15-89 anni","99","totale","FRG","straniero-a","2018","2018",195.352,,
"IT","Italia","2","femmine","Y15-89","15-89 anni","99","totale","FRG","straniero-a","2018-Q2","T2-2018",200.444,,
"IT","Italia","2","femmine","Y15-89","15-89 anni","99","totale","FRG","straniero-a","2018-Q1","T1-2018",185.846,,
"IT","Italia","2","femmine","Y15-89","15-89 anni","99","totale","FRG","straniero-a","2018-Q4","T4-2018",191.14,,
"IT","Italia","2","femmine","Y15-89","15-89 anni","99","totale","FRG","straniero-a","2018-Q3","T3-2018",203.98,,
"IT","Italia","2","femmine","Y15-89","15-89 anni","99","totale","FRG","straniero-a","2019","2019",199.538,,
"IT","Italia","2","femmine","Y15-89","15-89 anni","99","totale","FRG","straniero-a","2019-Q1","T1-2019",191.712,,
"IT","Italia","2","femmine","Y15-89","15-89 anni","99","totale","FRG","straniero-a","2019-Q2","T2-2019",198.354,,
"IT","Italia","2","femmine","Y15-89","15-89 anni","99","totale","FRG","straniero-a","2019-Q4","T4-2019",187.573,,
"IT","Italia","2","femmine","Y15-89","15-89 anni","99","totale","FRG","straniero-a","2019-Q3","T3-2019",220.512,,
"IT","Italia","2","femmine","Y15-89","15-89 anni","99","totale","FRG","straniero-a","2020","2020",157.727,,
"IT","Italia","2","femmine","Y15-89","15-89 anni","99","totale","FRG","straniero-a","2020-Q2","T2-2020",156.485,,
"IT","Italia","2","femmine","Y15-89","15-89 anni","99","totale","FRG","straniero-a","2020-Q1","T1-2020",154.424,,
"IT","Italia","2","femmine","Y15-89","15-89 anni","99","totale","FRG","straniero-a","2020-Q3","T3-2020",178.335,,
"IT","Italia","2","femmine","Y15-89","15-89 anni","99","totale","FRG","straniero-a","2020-Q4","T4-2020",141.664,,
"IT","Italia","2","femmine","Y15-89","15-89 anni","99","totale","FRG","straniero-a","2021","2021",159.17,,
"IT","Italia","2","femmine","Y15-89","15-89 anni","99","totale","FRG","straniero-a","2022","2022",191.494,,
"IT","Italia","2","femmine","Y15-89","15-89 anni","99","totale","FRG","straniero-a","2021-Q1","T1-2021",106.805,,
"IT","Italia","2","femmine","Y15-89","15-89 anni","99","totale","FRG","straniero-a","2021-Q2","T2-2021",147.864,,
"IT","Italia","2","femmine","Y15-89","15-89 anni","99","totale","FRG","straniero-a","2021-Q3","T3-2021",191.752,,
"IT","Italia","2","femmine","Y15-89","15-89 anni","99","totale","FRG","straniero-a","2021-Q4","T4-2021",190.26,,
"IT","Italia","2","femmine","Y15-89","15-89 anni","99","totale","FRG","straniero-a","2022-Q1","T1-2022",172.791,,
"IT","Italia","2","femmine","Y15-89","15-89 anni","99","totale","FRG","straniero-a","2022-Q2","T2-2022",186.246,,
"IT","Italia","2","femmine","Y15-89","15-89 anni","99","totale","FRG","straniero-a","2022-Q3","T3-2022",209.067,,
"IT","Italia","2","femmine","Y15-89","15-89 anni","99","totale","FRG","straniero-a","2022-Q4","T4-2022",197.871,,
"IT","Italia","9","totale","Y15-89","15-89 anni","99","totale","FRG","straniero-a","2018","2018",1544.831,,
"IT","Italia","9","totale","Y15-89","15-89 anni","99","totale","FRG","straniero-a","2018-Q2","T2-2018",1558.946,,
"IT","Italia","9","totale","Y15-89","15-89 anni","99","totale","FRG","straniero-a","2018-Q1","T1-2018",1493.61,,
"IT","Italia","9","totale","Y15-89","15-89 anni","99","totale","FRG","straniero-a","2018-Q4","T4-2018",1538.956,,
"IT","Italia","9","totale","Y15-89","15-89 anni","99","totale","FRG","straniero-a","2018-Q3","T3-2018",1587.812,,
"IT","Italia","9","totale","Y15-89","15-89 anni","99","totale","FRG","straniero-a","2019","2019",1554.674,,
"IT","Italia","9","totale","Y15-89","15-89 anni","99","totale","FRG","straniero-a","2019-Q1","T1-2019",1532.819,,
"IT","Italia","9","totale","Y15-89","15-89 anni","99","totale","FRG","straniero-a","2019-Q2","T2-2019",1566.912,,
"IT","Italia","9","totale","Y15-89","15-89 anni","99","totale","FRG","straniero-a","2019-Q4","T4-2019",1534.034,,
"IT","Italia","9","totale","Y15-89","15-89 anni","99","totale","FRG","straniero-a","2019-Q3","T3-2019",1584.932,,
"IT","Italia","9","totale","Y15-89","15-89 anni","99","totale","FRG","straniero-a","2020","2020",1403.387,,
"IT","Italia","9","totale","Y15-89","15-89 anni","99","totale","FRG","straniero-a","2020-Q2","T2-2020",1344.705,,
"IT","Italia","9","totale","Y15-89","15-89 anni","99","totale","FRG","straniero-a","2020-Q1","T1-2020",1445.892,,
"IT","Italia","9","totale","Y15-89","15-89 anni","99","totale","FRG","straniero-a","2020-Q3","T3-2020",1440.516,,
"IT","Italia","9","totale","Y15-89","15-89 anni","99","totale","FRG","straniero-a","2020-Q4","T4-2020",1382.436,,
"IT","Italia","9","totale","Y15-89","15-89 anni","99","totale","FRG","straniero-a","2021","2021",1445.793,,
"IT","Italia","9","totale","Y15-89","15-89 anni","99","totale","FRG","straniero-a","2022","2022",1523.426,,
"IT","Italia","9","totale","Y15-89","15-89 anni","99","totale","FRG","straniero-a","2021-Q1","T1-2021",1340.519,,
"IT","Italia","9","totale","Y15-89","15-89 anni","99","totale","FRG","straniero-a","2021-Q2","T2-2021",1421.065,,
"IT","Italia","9","totale","Y15-89","15-89 anni","99","totale","FRG","straniero-a","2021-Q3","T3-2021",1505.225,,
"IT","Italia","9","totale","Y15-89","15-89 anni","99","totale","FRG","straniero-a","2021-Q4","T4-2021",1516.361,,
"IT","Italia","9","totale","Y15-89","15-89 anni","99","totale","FRG","straniero-a","2022-Q1","T1-2022",1520.171,,
"IT","Italia","9","totale","Y15-89","15-89 anni","99","totale","FRG","straniero-a","2022-Q2","T2-2022",1535.952,,
"IT","Italia","9","totale","Y15-89","15-89 anni","99","totale","FRG","straniero-a","2022-Q3","T3-2022",1549.064,,
"IT","Italia","9","totale","Y15-89","15-89 anni","99","totale","FRG","straniero-a","2022-Q4","T4-2022",1488.518,,
"IT","Italia","2","femmine","Y15-89","15-89 anni","99","totale","FRG","straniero-a","2018","2018",725.942,,
"IT","Italia","2","femmine","Y15-89","15-89 anni","99","totale","FRG","straniero-a","2018-Q2","T2-2018",720.665,,
"IT","Italia","2","femmine","Y15-89","15-89 anni","99","totale","FRG","straniero-a","2018-Q1","T1-2018",715.624,,
"IT","Italia","2","femmine","Y15-89","15-89 anni","99","totale","FRG","straniero-a","2018-Q4","T4-2018",735.209,,
"IT","Italia","2","femmine","Y15-89","15-89 anni","99","totale","FRG","straniero-a","2018-Q3","T3-2018",732.269,,
"IT","Italia","2","femmine","Y15-89","15-89 anni","99","totale","FRG","straniero-a","2019","2019",711.858,,
"IT","Italia","2","femmine","Y15-89","15-89 anni","99","totale","FRG","straniero-a","2019-Q1","T1-2019",712.511,,
"IT","Italia","2","femmine","Y15-89","15-89 anni","99","totale","FRG","straniero-a","2019-Q2","T2-2019",700.38,,
"IT","Italia","2","femmine","Y15-89","15-89 anni","99","totale","FRG","straniero-a","2019-Q4","T4-2019",716.343,,
"IT","Italia","2","femmine","Y15-89","15-89 anni","99","totale","FRG","straniero-a","2019-Q3","T3-2019",718.197,,
"IT","Italia","2","femmine","Y15-89","15-89 anni","99","totale","FRG","straniero-a","2020","2020",647.472,,
"IT","Italia","2","femmine","Y15-89","15-89 anni","99","totale","FRG","straniero-a","2020-Q2","T2-2020",610.24,,
"IT","Italia","2","femmine","Y15-89","15-89 anni","99","totale","FRG","straniero-a","2020-Q1","T1-2020",674.553,,
"IT","Italia","2","femmine","Y15-89","15-89 anni","99","totale","FRG","straniero-a","2020-Q3","T3-2020",658.656,,
"IT","Italia","2","femmine","Y15-89","15-89 anni","99","totale","FRG","straniero-a","2020-Q4","T4-2020",646.441,,
"IT","Italia","2","femmine","Y15-89","15-89 anni","99","totale","FRG","straniero-a","2021","2021",667.416,,
"IT","Italia","2","femmine","Y15-89","15-89 anni","99","totale","FRG","straniero-a","2022","2022",658.361,,
"IT","Italia","2","femmine","Y15-89","15-89 anni","99","totale","FRG","straniero-a","2021-Q1","T1-2021",671.28,,
"IT","Italia","2","femmine","Y15-89","15-89 anni","99","totale","FRG","straniero-a","2021-Q2","T2-2021",662.897,,
"IT","Italia","2","femmine","Y15-89","15-89 anni","99","totale","FRG","straniero-a","2021-Q3","T3-2021",664.161,,
"IT","Italia","2","femmine","Y15-89","15-89 anni","99","totale","FRG","straniero-a","2021-Q4","T4-2021",671.324,,
"IT","Italia","2","femmine","Y15-89","15-89 anni","99","totale","FRG","straniero-a","2022-Q1","T1-2022",659.369,,
"IT","Italia","2","femmine","Y15-89","15-89 anni","99","totale","FRG","straniero-a","2022-Q2","T2-2022",670.161,,
"IT","Italia","2","femmine","Y15-89","15-89 anni","99","totale","FRG","straniero-a","2022-Q3","T3-2022",662.028,,
"IT","Italia","2","femmine","Y15-89","15-89 anni","99","totale","FRG","straniero-a","2022-Q4","T4-2022",641.886,,
"IT","Italia","1","maschi","Y15-89","15-89 anni","99","totale","FRG","straniero-a","2018","2018",329.622,,
"IT","Italia","1","maschi","Y15-89","15-89 anni","99","totale","FRG","straniero-a","2018-Q2","T2-2018",337.056,,
"IT","Italia","1","maschi","Y15-89","15-89 anni","99","totale","FRG","straniero-a","2018-Q1","T1-2018",323.807,,
"IT","Italia","1","maschi","Y15-89","15-89 anni","99","totale","FRG","straniero-a","2018-Q4","T4-2018",325.562,,
"IT","Italia","1","maschi","Y15-89","15-89 anni","99","totale","FRG","straniero-a","2018-Q3","T3-2018",332.064,,
"IT","Italia","1","maschi","Y15-89","15-89 anni","99","totale","FRG","straniero-a","2019","2019",352.747,,
"IT","Italia","1","maschi","Y15-89","15-89 anni","99","totale","FRG","straniero-a","2019-Q1","T1-2019",338.753,,
"IT","Italia","1","maschi","Y15-89","15-89 anni","99","totale","FRG","straniero-a","2019-Q2","T2-2019",355.48,,
"IT","Italia","1","maschi","Y15-89","15-89 anni","99","totale","FRG","straniero-a","2019-Q4","T4-2019",352,,
"IT","Italia","1","maschi","Y15-89","15-89 anni","99","totale","FRG","straniero-a","2019-Q3","T3-2019",364.753,,
"IT","Italia","1","maschi","Y15-89","15-89 anni","99","totale","FRG","straniero-a","2020","2020",339.555,,
"IT","Italia","1","maschi","Y15-89","15-89 anni","99","totale","FRG","straniero-a","2020-Q2","T2-2020",355.44,,
"IT","Italia","1","maschi","Y15-89","15-89 anni","99","totale","FRG","straniero-a","2020-Q1","T1-2020",340.642,,
"IT","Italia","1","maschi","Y15-89","15-89 anni","99","totale","FRG","straniero-a","2020-Q3","T3-2020",342.731,,
"IT","Italia","1","maschi","Y15-89","15-89 anni","99","totale","FRG","straniero-a","2020-Q4","T4-2020",319.409,,
"IT","Italia","1","maschi","Y15-89","15-89 anni","99","totale","FRG","straniero-a","2021","2021",335.939,,
"IT","Italia","1","maschi","Y15-89","15-89 anni","99","totale","FRG","straniero-a","2022","2022",347.99,,
"IT","Italia","1","maschi","Y15-89","15-89 anni","99","totale","FRG","straniero-a","2021-Q1","T1-2021",306.329,,
"IT","Italia","1","maschi","Y15-89","15-89 anni","99","totale","FRG","straniero-a","2021-Q2","T2-2021",316.26,,
"IT","Italia","1","maschi","Y15-89","15-89 anni","99","totale","FRG","straniero-a","2021-Q3","T3-2021",346.915,,
"IT","Italia","1","maschi","Y15-89","15-89 anni","99","totale","FRG","straniero-a","2021-Q4","T4-2021",374.25,,
"IT","Italia","1","maschi","Y15-89","15-89 anni","99","totale","FRG","straniero-a","2022-Q1","T1-2022",340.011,,
"IT","Italia","1","maschi","Y15-89","15-89 anni","99","totale","FRG","straniero-a","2022-Q2","T2-2022",347.521,,
"IT","Italia","1","maschi","Y15-89","15-89 anni","99","totale","FRG","straniero-a","2022-Q3","T3-2022",360.085,,
"IT","Italia","1","maschi","Y15-89","15-89 anni","99","totale","FRG","straniero-a","2022-Q4","T4-2022",344.344,,
"IT","Italia","9","totale","Y15-89","15-89 anni","99","totale","FRG","straniero-a","2018","2018",1057.076,,
"IT","Italia","9","totale","Y15-89","15-89 anni","99","totale","FRG","straniero-a","2018-Q2","T2-2018",1064.066,,
"IT","Italia","9","totale","Y15-89","15-89 anni","99","totale","FRG","straniero-a","2018-Q1","T1-2018",1032.031,,
"IT","Italia","9","totale","Y15-89","15-89 anni","99","totale","FRG","straniero-a","2018-Q4","T4-2018",1064.738,,
"IT","Italia","9","totale","Y15-89","15-89 anni","99","totale","FRG","straniero-a","2018-Q3","T3-2018",1067.47,,
"IT","Italia","9","totale","Y15-89","15-89 anni","99","totale","FRG","straniero-a","2019","2019",1061.337,,
"IT","Italia","9","totale","Y15-89","15-89 anni","99","totale","FRG","straniero-a","2019-Q1","T1-2019",1057.821,,
"IT","Italia","9","totale","Y15-89","15-89 anni","99","totale","FRG","straniero-a","2019-Q2","T2-2019",1064.774,,
"IT","Italia","9","totale","Y15-89","15-89 anni","99","totale","FRG","straniero-a","2019-Q4","T4-2019",1066.244,,
"IT","Italia","9","totale","Y15-89","15-89 anni","99","totale","FRG","straniero-a","2019-Q3","T3-2019",1056.508,,
"IT","Italia","9","totale","Y15-89","15-89 anni","99","totale","FRG","straniero-a","2020","2020",988.656,,
"IT","Italia","9","totale","Y15-89","15-89 anni","99","totale","FRG","straniero-a","2020-Q2","T2-2020",932.915,,
"IT","Italia","9","totale","Y15-89","15-89 anni","99","totale","FRG","straniero-a","2020-Q1","T1-2020",1026.679,,
"IT","Italia","9","totale","Y15-89","15-89 anni","99","totale","FRG","straniero-a","2020-Q3","T3-2020",991.092,,
"IT","Italia","9","totale","Y15-89","15-89 anni","99","totale","FRG","straniero-a","2020-Q4","T4-2020",1003.939,,
"IT","Italia","9","totale","Y15-89","15-89 anni","99","totale","FRG","straniero-a","2021","2021",1034.396,,
"IT","Italia","9","totale","Y15-89","15-89 anni","99","totale","FRG","straniero-a","2022","2022",1044.016,,
"IT","Italia","9","totale","Y15-89","15-89 anni","99","totale","FRG","straniero-a","2021-Q1","T1-2021",1006.921,,
"IT","Italia","9","totale","Y15-89","15-89 anni","99","totale","FRG","straniero-a","2021-Q2","T2-2021",1025.763,,
"IT","Italia","9","totale","Y15-89","15-89 anni","99","totale","FRG","straniero-a","2021-Q3","T3-2021",1046.799,,
"IT","Italia","9","totale","Y15-89","15-89 anni","99","totale","FRG","straniero-a","2021-Q4","T4-2021",1058.1,,
"IT","Italia","9","totale","Y15-89","15-89 anni","99","totale","FRG","straniero-a","2022-Q1","T1-2022",1048.124,,
"IT","Italia","9","totale","Y15-89","15-89 anni","99","totale","FRG","straniero-a","2022-Q2","T2-2022",1057.304,,
"IT","Italia","9","totale","Y15-89","15-89 anni","99","totale","FRG","straniero-a","2022-Q3","T3-2022",1054.678,,
"IT","Italia","9","totale","Y15-89","15-89 anni","99","totale","FRG","straniero-a","2022-Q4","T4-2022",1015.96,,
"IT","Italia","9","totale","Y15-89","15-89 anni","99","totale","FRG","straniero-a","2018","2018",487.755,,
"IT","Italia","9","totale","Y15-89","15-89 anni","99","totale","FRG","straniero-a","2018-Q2","T2-2018",494.88,,
"IT","Italia","9","totale","Y15-89","15-89 anni","99","totale","FRG","straniero-a","2018-Q1","T1-2018",461.579,,
"IT","Italia","9","totale","Y15-89","15-89 anni","99","totale","FRG","straniero-a","2018-Q4","T4-2018",474.218,,
"IT","Italia","9","totale","Y15-89","15-89 anni","99","totale","FRG","straniero-a","2018-Q3","T3-2018",520.342,,
"IT","Italia","9","totale","Y15-89","15-89 anni","99","totale","FRG","straniero-a","2019","2019",493.337,,
"IT","Italia","9","totale","Y15-89","15-89 anni","99","totale","FRG","straniero-a","2019-Q1","T1-2019",474.997,,
"IT","Italia","9","totale","Y15-89","15-89 anni","99","totale","FRG","straniero-a","2019-Q2","T2-2019",502.138,,
"IT","Italia","9","totale","Y15-89","15-89 anni","99","totale","FRG","straniero-a","2019-Q4","T4-2019",467.79,,
"IT","Italia","9","totale","Y15-89","15-89 anni","99","totale","FRG","straniero-a","2019-Q3","T3-2019",528.424,,
"IT","Italia","9","totale","Y15-89","15-89 anni","99","totale","FRG","straniero-a","2020","2020",414.731,,
"IT","Italia","9","totale","Y15-89","15-89 anni","99","totale","FRG","straniero-a","2020-Q2","T2-2020",411.79,,
"IT","Italia","9","totale","Y15-89","15-89 anni","99","totale","FRG","straniero-a","2020-Q1","T1-2020",419.214,,
"IT","Italia","9","totale","Y15-89","15-89 anni","99","totale","FRG","straniero-a","2020-Q3","T3-2020",449.424,,
"IT","Italia","9","totale","Y15-89","15-89 anni","99","totale","FRG","straniero-a","2020-Q4","T4-2020",378.497,,
"IT","Italia","9","totale","Y15-89","15-89 anni","99","totale","FRG","straniero-a","2021","2021",411.397,,
"IT","Italia","9","totale","Y15-89","15-89 anni","99","totale","FRG","straniero-a","2022","2022",479.41,,
"IT","Italia","9","totale","Y15-89","15-89 anni","99","totale","FRG","straniero-a","2021-Q1","T1-2021",333.598,,
"IT","Italia","9","totale","Y15-89","15-89 anni","99","totale","FRG","straniero-a","2021-Q2","T2-2021",395.302,,
"IT","Italia","9","totale","Y15-89","15-89 anni","99","totale","FRG","straniero-a","2021-Q3","T3-2021",458.426,,
"IT","Italia","9","totale","Y15-89","15-89 anni","99","totale","FRG","straniero-a","2021-Q4","T4-2021",458.262,,
"IT","Italia","9","totale","Y15-89","15-89 anni","99","totale","FRG","straniero-a","2022-Q1","T1-2022",472.047,,
"IT","Italia","9","totale","Y15-89","15-89 anni","99","totale","FRG","straniero-a","2022-Q2","T2-2022",478.649,,
"IT","Italia","9","totale","Y15-89","15-89 anni","99","totale","FRG","straniero-a","2022-Q3","T3-2022",494.386,,
"IT","Italia","9","totale","Y15-89","15-89 anni","99","totale","FRG","straniero-a","2022-Q4","T4-2022",472.558,,
"IT","Italia","1","maschi","Y15-89","15-89 anni","99","totale","FRG","straniero-a","2018","2018",331.135,,
"IT","Italia","1","maschi","Y15-89","15-89 anni","99","totale","FRG","straniero-a","2018-Q2","T2-2018",343.402,,
"IT","Italia","1","maschi","Y15-89","15-89 anni","99","totale","FRG","straniero-a","2018-Q1","T1-2018",316.407,,
"IT","Italia","1","maschi","Y15-89","15-89 anni","99","totale","FRG","straniero-a","2018-Q4","T4-2018",329.53,,
"IT","Italia","1","maschi","Y15-89","15-89 anni","99","totale","FRG","straniero-a","2018-Q3","T3-2018",335.201,,
"IT","Italia","1","maschi","Y15-89","15-89 anni","99","totale","FRG","straniero-a","2019","2019",349.479,,
"IT","Italia","1","maschi","Y15-89","15-89 anni","99","totale","FRG","straniero-a","2019-Q1","T1-2019",345.311,,
"IT","Italia","1","maschi","Y15-89","15-89 anni","99","totale","FRG","straniero-a","2019-Q2","T2-2019",364.394,,
"IT","Italia","1","maschi","Y15-89","15-89 anni","99","totale","FRG","straniero-a","2019-Q4","T4-2019",349.901,,
"IT","Italia","1","maschi","Y15-89","15-89 anni","99","totale","FRG","straniero-a","2019-Q3","T3-2019",338.31,,
"IT","Italia","1","maschi","Y15-89","15-89 anni","99","totale","FRG","straniero-a","2020","2020",341.184,,
"IT","Italia","1","maschi","Y15-89","15-89 anni","99","totale","FRG","straniero-a","2020-Q2","T2-2020",322.675,,
"IT","Italia","1","maschi","Y15-89","15-89 anni","99","totale","FRG","straniero-a","2020-Q1","T1-2020",352.126,,
"IT","Italia","1","maschi","Y15-89","15-89 anni","99","totale","FRG","straniero-a","2020-Q3","T3-2020",332.437,,
"IT","Italia","1","maschi","Y15-89","15-89 anni","99","totale","FRG","straniero-a","2020-Q4","T4-2020",357.498,,
"IT","Italia","1","maschi","Y15-89","15-89 anni","99","totale","FRG","straniero-a","2021","2021",366.98,,
"IT","Italia","1","maschi","Y15-89","15-89 anni","99","totale","FRG","straniero-a","2022","2022",385.656,,
"IT","Italia","1","maschi","Y15-89","15-89 anni","99","totale","FRG","straniero-a","2021-Q1","T1-2021",335.641,,
"IT","Italia","1","maschi","Y15-89","15-89 anni","99","totale","FRG","straniero-a","2021-Q2","T2-2021",362.866,,
"IT","Italia","1","maschi","Y15-89","15-89 anni","99","totale","FRG","straniero-a","2021-Q3","T3-2021",382.638,,
"IT","Italia","1","maschi","Y15-89","15-89 anni","99","totale","FRG","straniero-a","2021-Q4","T4-2021",386.775,,
"IT","Italia","1","maschi","Y15-89","15-89 anni","99","totale","FRG","straniero-a","2022-Q1","T1-2022",388.755,,
"IT","Italia","1","maschi","Y15-89","15-89 anni","99","totale","FRG","straniero-a","2022-Q2","T2-2022",387.142,,
"IT","Italia","1","maschi","Y15-89","15-89 anni","99","totale","FRG","straniero-a","2022-Q3","T3-2022",392.651,,
"IT","Italia","1","maschi","Y15-89","15-89 anni","99","totale","FRG","straniero-a","2022-Q4","T4-2022",374.074,,
